Avg_Timestamp,Source,N_Objects,Avg_Speed,Avg_Acceleration,Approaching,Accelerating,Prev_Group,Group
1723808186796,2,3,2.238462,0.0008240031838839,1,1,020022,020022
1723808186796,2,1,5.153968,1.1153194,0,0,020022,020022
1723808186796,3,2,4.373192835,0.61813544,1,1,020022,020022
1723808186796,3,14,0.7051857328571429,0.1638539565714636,0,0,020022,020022
1723808187114,2,4,2.4061410000000003,0.3694864566379129,1,1,020022,020022
1723808187114,2,2,5.2166673,0.5349664,0,0,020022,020022
1723808187114,3,2,4.3295865,0.1837429349999999,1,1,020022,020022
1723808187114,3,15,0.6362508966666667,0.0653820319103361,0,0,020022,020022
1723808187293,2,5,1.47857476,1.80752261569033,1,1,020022,020022
1723808187293,2,2,5.4128606,0.249510475,0,0,020022,020022
1723808187293,3,2,4.329587,0.5026060649999999,1,1,020022,020022
1723808187293,3,16,0.63181559625,0.2191114987594124,0,0,020022,020022
1723808187505,2,5,1.44880204,0.4819984117503303,1,1,020022,020022
1723808187505,2,2,5.191957,0.314006505,0,0,020022,020022
1723808187604,3,17,0.7131004276470588,0.1136711884844574,0,0,020022,020022
1723808187604,3,2,4.329587,0.001644155,1,1,020022,020022
1723808187604,2,5,1.44192252,0.2378218958903303,1,1,020022,020022
1723808187604,2,2,5.1352925,0.62228388,0,0,020022,020022
1723808187804,3,2,4.329587,0.02463224,1,1,020022,020022
1723808187804,3,17,0.6328000047058824,0.3129565234785751,0,0,020022,020022
1723808187804,2,5,1.4226786,0.0370649700515303,1,1,020022,020022
1723808187804,2,2,5.2674135,0.1218997075,0,0,020022,020022
1723808188004,2,5,1.3968388,0.1065276921823303,1,1,020022,020022
1723808188004,2,2,5.29647965,0.2524429165,0,0,020022,020022
1723808188004,3,2,4.60949642,0.986141235,1,1,020022,020022
1723808188004,3,19,0.5991049347368421,0.1585413025531988,0,0,020022,020022
1723808188110,3,2,4.648875629999999,0.93863255,1,1,020022,020022
1723808188110,3,19,0.609528147368421,0.0370436437035408,0,0,020022,020022
1723808188296,2,2,5.0384218,0.725386125,0,0,020022,020022
1723808188296,2,4,0.7777599000000001,0.121707398646662,1,1,020022,020022
1723808188296,3,19,0.5644258431578947,0.1304260533595521,0,0,020022,020022
1723808188296,3,2,4.691896949999999,0.4808429515,1,1,020022,020022
1723808188518,2,4,0.7777599000000001,0.479978586247463,1,1,020022,020022
1723808188518,2,3,5.243071533333333,0.1920380733333333,0,0,020022,020022
1723808188694,2,4,0.7777599000000001,0.3096064905816129,1,1,020022,020022
1723808188694,2,3,5.1617376,0.0456385599999999,0,0,020022,020022
1723808188812,3,3,3.579782833333333,0.6297417666666666,1,1,020022,020022
1723808188812,3,19,0.4935250815789473,0.1840611352655116,0,0,020022,020022
1723808189001,3,3,3.688355866666667,0.69732743,1,1,020022,020022
1723808189001,3,19,0.2991772294736842,0.848442599717557,0,0,020022,020022
1723808189001,2,4,0.7777599000000001,0.016534685142687,1,1,020022,020022
1723808189001,2,3,5.1782241,0.0847665766666666,0,0,020022,020022
1723808189094,2,4,0.7777599000000001,0.0223717690142195,1,1,020022,020022
1723808189094,2,3,5.2076871,0.25946146,0,0,020022,020022
1723808189094,3,4,4.6083043,0.571082384625,1,1,020022,020022
1723808189094,3,19,0.3020310978947368,0.5486363607315186,0,0,020022,020022
1723808189312,2,4,0.7777599000000001,0.0059805849140882,1,1,020022,020022
1723808189312,2,3,5.155288266666667,0.0867954766666666,0,0,020022,020022
1723808189499,2,4,0.7777599000000001,0.0001410290697999,1,1,020022,020022
1723808189499,2,3,5.211727499999999,0.3939970766666666,0,0,020022,020022
1723808189499,3,4,4.819050775,0.441411193575,1,1,020022,020022
1723808189499,3,20,0.4123935579999999,0.0477178086544696,0,0,020022,020022
1723808189613,3,4,4.827828975,0.36098473117675,1,1,020022,020022
1723808189613,3,20,0.4085749379999999,0.0116395657227596,0,0,020022,020022
1723808189613,2,4,0.001,3.045198555771083,1,1,020022,020022
1723808189613,2,3,5.279582666666666,0.550630994,0,0,020022,020022
1723808189798,2,4,0.001,1.4063214793102203,1,1,020022,020022
1723808189798,2,3,5.234317333333333,0.110043979,0,0,020022,020022
1723808190016,2,3,5.128116633333334,0.4240360273566667,0,0,020022,020022
1723808190016,2,4,0.001,0.059750408496465,1,1,020022,020022
1723808190016,3,4,5.0665777,0.5006350085450001,1,1,020022,020022
1723808190016,3,20,0.3830431776999999,0.0616384876381308,0,0,020022,020022
1723808190108,2,4,0.001,0.1386870210552271,1,1,020022,020022
1723808190108,2,3,5.0551355,0.5415920388333334,0,0,020022,020022
1723808190108,3,4,5.10644435,0.430337175315375,1,1,020022,020022
1723808190108,3,20,0.3830431877999999,0.030316363666087,0,0,020022,020022
1723808190199,2,4,0.001,0.131346249265227,1,1,020022,020022
1723808190199,2,3,5.203100233333333,0.07569695672,0,0,020022,020022
1723808190199,3,4,5.164486025,0.4792953050549999,1,1,020022,020022
1723808190199,3,20,0.3830431876999999,0.0089016961493075,0,0,020022,020022
1723808190411,2,4,0.001,0.020793420697727,1,1,020022,020022
1723808190411,2,2,5.40567755,0.7543150000000001,0,0,020022,020022
1723808190509,3,19,0.3335650608421052,0.0015037037654502,0,0,020022,020022
1723808190509,3,4,5.3003714,0.41047016743525,1,1,020022,020022
1723808190509,2,2,5.3360695,0.365268675,0,0,020022,020022
1723808190509,2,4,0.001,0.003484043699977,1,1,020022,020022
1723808190602,2,4,0.001,0.0046295579636479,1,1,020022,020022
1723808190602,2,2,5.3360695,0.101846405,0,0,020022,020022
1723808190602,3,4,5.3003714,0.41047016743525,1,1,020022,020022
1723808190602,3,19,0.3335650608421052,0.0015037037654502,0,0,020022,020022
1723808190801,3,4,5.3003714,0.41047016743525,1,1,020022,020022
1723808190801,3,19,0.3335650608421052,0.0015037037654502,0,0,020022,020022
1723808190801,2,4,0.001,0.0035758156846229,1,1,020022,020022
1723808190801,2,2,5.3918695,0.150833215,0,0,020022,020022
1723808190994,2,4,0.001,0.0006437014515479,1,1,020022,020022
1723808190994,2,2,5.363426499999999,0.0007442455,0,0,020022,020022
1723808191115,2,2,5.3611285,0.0637067856,0,0,020022,020022
1723808191115,2,4,0.001,0.0002627571487195,1,1,020022,020022
1723808191115,3,4,5.3003714,0.41047016743525,1,1,020022,020022
1723808191115,3,19,0.3335650608421052,0.0015037037654502,0,0,020022,020022
1723808191294,3,4,5.3003714,0.41047016743525,1,1,020022,020022
1723808191294,3,19,0.3335650608421052,0.0015037037654502,0,0,020022,020022
1723808191294,2,4,0.001,0.0002206700561095,1,1,020022,020022
1723808191294,2,2,5.41149,0.18230156495,0,0,020022,020022
1723808191388,3,4,5.3003714,0.41047016743525,1,1,020022,020022
1723808191388,3,19,0.3335650608421052,0.0015037037654502,0,0,020022,020022
1723808191510,2,4,0.001,1.6183208494575e-05,1,1,020022,020022
1723808191510,2,2,5.411489749999999,0.076417923535,0,0,020022,020022
1723808191710,3,4,5.3003714,0.41047016743525,1,1,020022,020022
1723808191710,3,19,0.3335650608421052,0.0015037037654502,0,0,020022,020022
1723808191809,3,19,0.3335650608421052,0.0015037037654502,0,0,020022,020022
1723808191809,2,2,5.084661,1.1387931393950002,0,0,020022,020022
1723808191809,3,4,5.3003714,0.41047016743525,1,1,020022,020022
1723808191809,2,4,0.001,8.997983451675001e-06,1,1,020022,020022
1723808191992,3,4,5.3003714,0.41047016743525,1,1,020022,020022
1723808191992,3,19,0.3335650608421052,0.0015037037654502,0,0,020022,020022
1723808191992,2,4,0.001,2.16286435715e-06,1,1,020022,020022
1723808191992,2,1,5.141728,0.29846334,0,0,020022,020022
1723808192120,2,4,0.001,3.983821228e-07,1,1,020022,020022
1723808192120,2,1,5.2171826,1.1605481,0,0,020022,020022
1723808192304,3,4,5.3003714,0.41047016743525,1,1,020022,020022
1723808192304,2,4,0.001,5.387253055000001e-07,1,1,020022,020022
1723808192304,2,1,5.1647277,0.5258656,0,0,020022,020022
1723808192304,3,19,0.3335650608421052,0.0015037037654502,0,0,020022,020022
1723808192405,3,4,5.3003714,0.41047016743525,1,1,020022,020022
1723808192405,3,19,0.3335650608421052,0.0015037037654502,0,0,020022,020022
1723808192596,2,1,5.186861,0.0476604,0,0,020022,020022
1723808192596,2,4,0.001,7.396275e-09,1,1,020022,020022
1723808192596,3,4,5.3003714,0.41047016743525,1,1,020022,020022
1723808192596,3,19,0.3335650608421052,0.0015037037654502,0,0,020022,020022
1723808192817,3,4,5.3003714,0.41047016743525,1,1,020022,020022
1723808192817,3,19,0.3335650608421052,0.0015037037654502,0,0,020022,020022
1723808192817,2,4,0.001,2.2939842e-08,1,1,020022,020022
1723808192817,2,1,5.186861,0.0055115316,0,0,020022,020022
1723808193000,2,4,0.001,7.54152875e-09,1,1,020022,020022
1723808193000,2,1,5.1059723,0.28202516,0,0,020022,020022
1723808193000,3,4,5.3003714,0.41047016743525,1,1,020022,020022
1723808193000,3,19,0.3335650608421052,0.0015037037654502,0,0,020022,020022
1723808193096,3,4,5.3003714,0.41047016743525,1,1,020022,020022
1723808193096,3,19,0.3335650608421052,0.0015037037654502,0,0,020022,020022
1723808193298,2,4,0.001,1.307704e-09,1,1,020022,020022
1723808193298,2,1,5.077852,0.19747864,0,0,020022,020022
1723808193510,3,19,0.3335650608421052,0.0015037037654502,0,0,020022,020022
1723808193510,3,4,5.3003714,0.41047016743525,1,1,020022,020022
1723808193510,2,4,0.001,3.997735e-10,1,1,020022,020022
1723808193510,2,1,5.0704193,0.016447838,0,0,020022,020022
1723808193600,3,4,5.3003714,0.41047016743525,1,1,020022,020022
1723808193600,3,19,0.3335650608421052,0.0015037037654502,0,0,020022,020022
1723808193600,2,4,0.001,1.98488895e-10,1,1,020022,020022
1723808193600,2,1,5.0704193,0.00050604716,0,0,020022,020022
1723808194003,2,4,0.001,9.784879375e-11,1,1,020022,020022
1723808194003,2,1,5.012873,0.10774926,0,0,020022,020022
1723808194003,3,4,5.3003714,0.41047016743525,1,1,020022,020022
1723808194003,3,19,0.3335650608421052,0.0015037037654502,0,0,020022,020022
1723808194101,3,4,5.3003714,0.41047016743525,1,1,020022,020022
1723808194101,3,19,0.3335650608421052,0.0015037037654502,0,0,020022,020022
1723808194300,2,1,5.0128727,0.009652593,0,0,020022,020022
1723808194300,2,4,0.001,9.784879375e-11,1,1,020022,020022
1723808194512,3,4,5.3003714,0.41047016743525,1,1,020022,020022
1723808194512,3,19,0.3335650608421052,0.0015037037654502,0,0,020022,020022
1723808194512,2,4,0.001,9.784879375e-11,1,1,020022,020022
1723808194512,2,1,5.0128727,0.004312114,0,0,020022,020022
1723808194602,3,4,5.3003714,0.41047016743525,1,1,020022,020022
1723808194602,3,19,0.3335650608421052,0.0015037037654502,0,0,020022,020022
1723808194602,2,4,0.001,9.784879375e-11,1,1,020022,020022
1723808194602,2,1,5.0128727,0.0019690627,0,0,020022,020022
1723808195003,3,4,5.3003714,0.41047016743525,1,1,020022,020022
1723808195003,3,19,0.3335650608421052,0.0015037037654502,0,0,020022,020022
1723808195003,2,4,0.001,9.784879375e-11,1,1,020022,020022
1723808195003,2,1,4.9371624,0.18069571,0,0,020022,020022
1723808195100,3,4,5.3003714,0.41047016743525,1,1,020022,020022
1723808195100,3,19,0.3335650608421052,0.0015037037654502,0,0,020022,020022
1723808195304,2,4,0.001,9.784879375e-11,1,1,020022,020022
1723808195304,2,1,4.9371634,0.033428047,0,0,020022,020022
1723808195514,3,4,5.3003714,0.41047016743525,1,1,020022,020022
1723808195514,3,19,0.3335650608421052,0.0015037037654502,0,0,020022,020022
1723808195698,2,4,0.001,9.784879375e-11,1,1,020022,020022
1723808195698,2,1,4.910001,0.041774914,0,0,020022,020022
1723808195698,3,4,5.3003714,0.41047016743525,1,1,020022,020022
1723808195698,3,19,0.3335650608421052,0.0015037037654502,0,0,020022,020022
1723808195790,3,4,5.3003714,0.41047016743525,1,1,020022,020022
1723808195790,3,19,0.3335650608421052,0.0015037037654502,0,0,020022,020022
1723808196009,3,17,0.0215663352941176,0.0173249319496789,0,0,020022,020022
1723808196009,3,5,6.286252899999999,0.0883458599999999,1,1,020022,020022
1723808196009,2,1,4.910001,0.017010257,0,0,020022,020022
1723808196009,2,4,0.001,9.784879375e-11,1,1,020022,020022
1723808196100,2,4,0.001,9.784879375e-11,1,1,020022,020022
1723808196100,2,1,4.910001,0.010170423,0,0,020022,020022
1723808196100,3,5,6.235448219999999,0.0924953979999999,1,1,020022,020022
1723808196100,3,17,0.0216950247058823,0.014464974681626,0,0,020022,020022
1723808196378,3,5,6.2906966,0.062365442,1,1,020022,020022
1723808196378,3,17,0.0394183623529411,0.0554986154331081,0,0,020022,020022
1723808196378,2,4,0.001,9.784879375e-11,1,1,020022,020022
1723808196378,2,1,4.910001,0.0010586116,0,0,020022,020022
1723808196613,2,4,0.001,9.784879375e-11,1,1,020022,020022
1723808196613,2,1,5.177495,0.8172494,0,0,020022,020022
1723808196796,3,18,0.383666715,0.053260234006897,0,0,020022,020022
1723808196796,3,6,6.314275583333334,0.1139695891666666,1,1,020022,020022
1723808196796,2,5,1.19959846,7.8279035e-11,1,1,020022,020022
1723808196796,2,1,5.177495,0.24327195,0,0,020022,020022
1723808197008,2,5,1.2000997999999998,0.0071522793217209,1,1,020022,020022
1723808197008,2,1,5.177495,0.04603333,0,0,020022,020022
1723808197098,2,5,1.2000997999999998,0.0024790711217209,1,1,020022,020022
1723808197098,2,1,5.177495,0.046220988,0,0,020022,020022
1723808197310,2,1,5.177495,0.008604705,0,0,020022,020022
1723808197310,3,6,6.616913716666667,0.6424070866666667,1,1,020022,020022
1723808197310,3,18,0.363709371111111,0.004021992675218,0,0,020022,020022
1723808197310,2,5,1.1873957999999998,0.0410997559217209,1,1,020022,020022
1723808197492,3,6,6.638880733333333,0.4286329206666666,1,1,020022,020022
1723808197492,3,18,0.3556495222222222,0.0170650478591424,0,0,020022,020022
1723808197492,2,5,1.1873957999999998,0.0147142499217209,1,1,020022,020022
1723808197492,2,1,5.177495,0.001291302,0,0,020022,020022
1723808197619,2,5,1.1873957999999998,0.0004791620417209,1,1,020022,020022
1723808197619,2,0,0.0,0.0,0,0,020022,020022
1723808197802,2,5,1.20570494,0.074002206078279,1,1,020022,020022
1723808197802,2,0,0.0,0.0,0,0,020022,020022
1723808197802,3,7,6.356837485714286,0.3055263871428571,1,1,020022,020022
1723808197802,3,18,0.3394009566666667,0.0590975372835478,0,0,020022,020022
1723808198003,3,7,6.342480785714286,0.2772967861428572,1,1,020022,020022
1723808198003,3,18,0.3394009844444444,0.0431993102664346,0,0,020022,020022
1723808198003,2,5,1.1955610799999998,0.0184130959217209,1,1,020022,020022
1723808198003,2,0,0.0,0.0,0,0,020022,020022
1723808198102,2,5,1.1955611999999998,0.0348243779217209,1,1,020022,020022
1723808198102,2,0,0.0,0.0,0,0,020022,020022
1723808198312,3,18,0.3299821438888889,0.0104669272730828,0,0,020022,020022
1723808198312,3,7,6.227632771428572,0.3636301059999999,1,1,020022,020022
1723808198498,2,5,1.1955611999999998,0.0007181908217209,1,1,020022,020022
1723808198498,2,0,0.0,0.0,0,0,020022,020022
1723808198498,3,7,6.164877114285714,0.3124597319999999,1,1,020022,020022
1723808198498,3,18,0.3390695866666667,0.0368630270328355,0,0,020022,020022
1723808198710,2,5,1.1955611999999998,0.001365317938279,1,1,020022,020022
1723808198710,2,0,0.0,0.0,0,0,020022,020022
1723808198800,2,5,1.1955611999999998,0.000895374678279,1,1,020022,020022
1723808198800,2,0,0.0,0.0,0,0,020022,020022
1723808199015,3,6,5.803288433333333,0.2139359666666667,1,1,020022,020022
1723808199015,3,18,0.3599486777777778,0.0493663263805021,0,0,020022,020022
1723808199015,2,5,1.1955611999999998,1.321089479035e-06,1,1,020022,020022
1723808199015,2,0,0.0,0.0,0,0,020022,020022
1723808199107,2,5,1.1955611999999998,6.430556172096499e-05,1,1,020022,020022
1723808199107,2,0,0.0,0.0,0,0,020022,020022
1723808199107,3,6,5.803288433333333,0.2139359666666667,1,1,020022,020022
1723808199107,3,18,0.3599486777777778,0.0493663263805021,0,0,020022,020022
1723808199292,3,18,0.3599486777777778,0.0493663263805021,0,0,020022,020022
1723808199292,3,6,5.803288433333333,0.2139359666666667,1,1,020022,020022
1723808199617,2,4,0.001,9.784879375e-11,1,1,020022,020022
1723808199617,2,0,0.0,0.0,0,0,020022,020022
1723808199617,3,6,5.803288433333333,0.2139359666666667,1,1,020022,020022
1723808199617,3,18,0.3599486777777778,0.0493663263805021,0,0,020022,020022
1723808199794,2,4,0.001,9.784879375e-11,1,1,020022,020022
1723808199794,2,0,0.0,0.0,0,0,020022,020022
1723808199794,3,6,5.803288433333333,0.2139359666666667,1,1,020022,020022
1723808199794,3,18,0.3599486777777778,0.0493663263805021,0,0,020022,020022
1723808200006,2,4,0.001,9.784879375e-11,1,1,020022,020022
1723808200006,2,0,0.0,0.0,0,0,020022,020022
1723808200108,2,4,0.001,9.784879375e-11,1,1,020022,020022
1723808200108,2,0,0.0,0.0,0,0,020022,020022
1723808200108,3,6,5.803288433333333,0.2139359666666667,1,1,020022,020022
1723808200108,3,18,0.3599486777777778,0.0493663263805021,0,0,020022,020022
1723808200309,2,0,0.0,0.0,0,0,020022,020022
1723808200309,2,4,0.001,9.784879375e-11,1,1,020022,020022
1723808200309,3,6,5.803288433333333,0.2139359666666667,1,1,020022,020022
1723808200309,3,18,0.3599486777777778,0.0493663263805021,0,0,020022,020022
1723808200490,3,6,5.803288433333333,0.2139359666666667,1,1,020022,020022
1723808200490,3,18,0.3599486777777778,0.0493663263805021,0,0,020022,020022
1723808200490,2,4,0.001,9.784879375e-11,1,1,020022,020022
1723808200490,2,0,0.0,0.0,0,0,020022,020022
1723808200618,2,4,0.001,9.784879375e-11,1,1,020022,020022
1723808200618,2,0,0.0,0.0,0,0,020022,020022
1723808200804,2,4,0.001,9.784879375e-11,1,1,020022,020022
1723808200804,2,0,0.0,0.0,0,0,020022,020022
1723808200804,3,6,5.803288433333333,0.2139359666666667,1,1,020022,020022
1723808200804,3,18,0.3599486777777778,0.0493663263805021,0,0,020022,020022
1723808201005,2,0,0.0,0.0,0,0,020022,020022
1723808201005,2,4,0.001,9.784879375e-11,1,1,020022,020022
1723808201005,3,6,5.803288433333333,0.2139359666666667,1,1,020022,020022
1723808201005,3,18,0.3599486777777778,0.0493663263805021,0,0,020022,020022
1723808201096,3,6,5.803288433333333,0.2139359666666667,1,1,020022,020022
1723808201096,3,18,0.3599486777777778,0.0493663263805021,0,0,020022,020022
1723808201096,2,4,0.001,9.784879375e-11,1,1,020022,020022
1723808201096,2,0,0.0,0.0,0,0,020022,020022
1723808201318,2,4,0.001,9.784879375e-11,1,1,020022,020022
1723808201318,2,0,0.0,0.0,0,0,020022,020022
1723808201500,2,4,0.001,9.784879375e-11,1,1,020022,020022
1723808201500,2,0,0.0,0.0,0,0,020022,020022
1723808201500,3,6,5.803288433333333,0.2139359666666667,1,1,020022,020022
1723808201500,3,18,0.3599486777777778,0.0493663263805021,0,0,020022,020022
1723808201699,2,4,0.001,9.784879375e-11,1,1,020022,020022
1723808201699,2,0,0.0,0.0,0,0,020022,020022
1723808201699,3,18,0.3599486777777778,0.0493663263805021,0,0,020022,020022
1723808201699,3,6,5.803288433333333,0.2139359666666667,1,1,020022,020022
1723808201800,2,4,0.001,9.784879375e-11,1,1,020022,121011
1723808201800,2,0,0.0,0.0,0,0,020022,121011
1723808202011,3,6,5.803288433333333,0.2139359666666667,1,1,121011,121011
1723808202011,3,18,0.3599486777777778,0.0493663263805021,0,0,121011,121011
1723808202011,2,4,0.001,9.784879375e-11,1,1,121011,121011
1723808202011,2,0,0.0,0.0,0,0,121011,121011
1723808202103,3,6,5.803288433333333,0.2139359666666667,1,1,121011,121011
1723808202103,3,18,0.3599486777777778,0.0493663263805021,0,0,121011,121011
1723808202103,2,4,0.001,9.784879375e-11,1,1,121011,121011
1723808202103,2,0,0.0,0.0,0,0,121011,121011
1723808202506,3,18,0.3599486777777778,0.0493663263805021,0,0,121011,121011
1723808202506,3,6,5.803288433333333,0.2139359666666667,1,1,121011,121011
1723808202506,2,0,0.0,0.0,0,0,121011,121011
1723808202506,2,4,0.001,9.784879375e-11,1,1,121011,121011
1723808202706,3,6,5.803288433333333,0.2139359666666667,1,1,121011,121011
1723808202706,3,18,0.3599486777777778,0.0493663263805021,0,0,121011,121011
1723808202706,2,4,0.001,9.784879375e-11,1,1,121011,121011
1723808202706,2,0,0.0,0.0,0,0,121011,121011
1723808202798,3,6,5.803288433333333,0.2139359666666667,1,1,121011,121011
1723808202798,3,18,0.3599486777777778,0.0493663263805021,0,0,121011,121011
1723808202798,2,4,0.001,9.784879375e-11,1,1,121011,121011
1723808202798,2,0,0.0,0.0,0,0,121011,121011
1723808203013,3,6,4.05767435,0.0546366843333333,1,1,121011,121011
1723808203013,3,20,0.5988807780000001,0.1194064866484398,0,0,121011,121011
1723808203108,2,4,0.001,9.784879375e-11,1,1,121011,121011
1723808203108,2,0,0.0,0.0,0,0,121011,121011
1723808203108,3,6,4.059189816666667,0.0838369829999999,1,1,121011,121011
1723808203108,3,20,0.5698719394999999,0.2084385499284398,0,0,121011,121011
1723808203290,3,6,4.000527616666666,0.1812264817166666,1,1,121011,121011
1723808203290,3,20,0.6401632050000001,0.1548595495697632,0,0,121011,121011
1723808203510,2,4,0.001,9.784879375e-11,1,1,121011,121011
1723808203510,2,0,0.0,0.0,0,0,121011,121011
1723808203510,3,6,3.99281766,0.0885413668333333,1,1,121011,121011
1723808203510,3,20,0.545519742,0.2659492571802367,0,0,121011,121011
1723808203699,3,6,3.9725587216666662,0.0896153614999999,1,1,121011,121011
1723808203699,3,20,0.5338002584999999,0.1957330152552367,0,0,121011,121011
1723808203896,2,4,0.001,9.784879375e-11,1,1,121011,121011
1723808203896,2,0,0.0,0.0,0,0,121011,121011
1723808204018,3,6,4.008652725,0.0496242543833333,1,1,121011,121011
1723808204018,3,20,0.4877289350000001,0.1363591285222367,0,0,121011,121011
1723808204203,3,20,0.4767199750000001,0.0869236190127867,0,0,121011,121011
1723808204203,3,6,4.044432558333334,0.1115571565666666,1,1,121011,121011
1723808204203,2,0,0.0,0.0,0,0,121011,121011
1723808204203,2,4,0.001,9.784879375e-11,1,1,121011,121011
1723808204294,2,4,0.001,9.784879375e-11,1,1,121011,121011
1723808204294,2,0,0.0,0.0,0,0,121011,121011
1723808204294,3,6,4.040468758333334,0.0771712926833333,1,1,121011,121011
1723808204294,3,20,0.4678183450000001,0.0824306056494867,0,0,121011,121011
1723808204510,2,4,0.001,9.784879375e-11,1,1,121011,121011
1723808204510,2,0,0.0,0.0,0,0,121011,121011
1723808204706,3,6,3.9838729216666655,0.1177615216646666,1,1,121011,121000
1723808204706,3,20,0.4293006590000001,0.0974246251824467,0,0,121011,121000
1723808204894,3,6,4.0390138166666665,0.4444096123383332,1,1,121000,121000
1723808204894,3,20,0.39852303325,0.1506676205654717,0,0,121000,121000
1723808204894,2,4,0.001,9.784879375e-11,1,1,121000,121000
1723808204894,2,0,0.0,0.0,0,0,121000,121000
1723808204990,2,0,0.0,0.0,0,0,121000,121000
1723808204990,2,4,0.001,9.784879375e-11,1,1,121000,121000
1723808205116,3,6,3.96537884,0.1504930842926667,1,1,121000,121000
1723808205116,3,20,0.3126354620000001,0.2129338581442712,0,0,121000,121000
1723808205305,3,6,3.9196599666666665,0.2614291231286667,1,1,121000,121000
1723808205305,3,19,0.2680095552631578,0.0863557097387065,0,0,121000,121000
1723808205305,2,5,0.4917671999999999,7.8279035e-11,1,1,121000,121000
1723808205305,2,0,0.0,0.0,0,0,121000,121000
1723808205490,3,5,2.76808668,0.0177855174,1,1,121000,121000
1723808205490,3,19,0.2540712884210525,0.0624525096286247,0,0,121000,121000
1723808205614,2,5,0.4917671999999999,7.8279035e-11,1,1,121000,121000
1723808205614,2,0,0.0,0.0,0,0,121000,121000
1723808205800,3,19,0.2240447605263157,0.0948080674927785,0,0,121000,121000
1723808205800,3,5,2.64128924,0.5120129782,1,1,121000,121000
1723808205800,2,0,0.0,0.0,0,0,121000,121000
1723808205800,2,5,0.4917671999999999,7.8279035e-11,1,1,121000,121000
1723808205994,3,5,2.743922334,0.1861586908,1,1,121000,121000
1723808205994,3,19,0.2117300552631578,0.0689187244377586,0,0,121000,121000
1723808205994,2,4,0.001,9.784879375e-11,1,1,121000,121000
1723808205994,2,0,0.0,0.0,0,0,121000,121000
1723808206472,2,4,0.001,9.784879375e-11,1,1,121000,121000
1723808206472,2,0,0.0,0.0,0,0,121000,121000
1723808206472,3,6,2.254101615,0.3538458126666666,1,1,121000,121000
1723808206472,3,19,0.1821461965789473,0.0318953455444822,0,0,121000,121000
1723808206610,2,4,0.001,9.784879375e-11,1,1,121000,121000
1723808206610,2,0,0.0,0.0,0,0,121000,121000
1723808206806,3,19,0.1389335699999999,0.1415606872274852,0,0,121000,121000
1723808206806,3,6,2.3499586,0.067796689,1,1,121000,121000
1723808206806,2,4,0.001,9.784879375e-11,1,1,121000,121000
1723808206806,2,1,5.7763805,0.022913845,0,0,121000,121000
1723808206994,3,6,2.249948376666667,0.497605916,1,1,121000,121000
1723808206994,3,19,0.1423476368421052,0.0384633079744873,0,0,121000,121000
1723808207110,2,4,0.001,9.784879375e-11,1,1,121000,121000
1723808207110,2,1,5.734058,0.11637123,0,0,121000,121000
1723808207314,3,6,2.27710661,0.0862056703333333,1,1,121000,121000
1723808207314,3,19,0.1071405763157894,0.1244865758119293,0,0,121000,121000
1723808207502,3,6,2.2539847883333333,0.0218602095,1,1,121000,121000
1723808207502,3,19,0.0866998463157894,0.1835097561784074,0,0,121000,121000
1723808207502,2,4,0.001,9.784879375e-11,1,1,121000,121000
1723808207502,2,1,5.653916,0.18914261,0,0,121000,121000
1723808207591,3,19,0.0840086273684209,0.1392317003255767,0,0,121000,121000
1723808207591,3,6,2.230653505,0.1209956569,1,1,121000,121000
1723808207591,2,1,5.653916,0.102672465,0,0,121000,121000
1723808207591,2,5,0.26247004,7.8279035e-11,1,1,121000,121000
1723808207815,2,5,0.280420868,0.0621898498886093,1,1,121000,121000
1723808207815,2,1,5.78766,0.47681147,0,0,121000,121000
1723808207815,3,6,2.2499284,0.0385840125333333,1,1,121000,121000
1723808207815,3,19,0.0765914094736841,0.03691058129507,0,0,121000,121000
1723808207998,3,6,2.2384328266666667,0.0312998107166666,1,1,121000,121000
1723808207998,3,20,0.1671245569999999,0.0715884160366943,0,0,121000,121000
1723808208103,3,6,2.235482691666667,0.0289553916166666,1,1,121000,121000
1723808208103,3,20,0.1633287829999999,0.0717557947294224,0,0,121000,121000
1723808208103,2,5,0.2859657999999999,0.0270521960113906,1,1,121000,121000
1723808208103,2,1,5.7943316,0.14905646,0,0,121000,121000
1723808208305,3,20,0.1630048244999999,0.0265403621439855,0,0,121000,121000
1723808208305,3,6,2.251559625,0.0429069881833333,1,1,121000,121000
1723808208305,2,1,5.5883217,0.7982212,0,0,121000,121000
1723808208305,2,5,0.278055386,0.0677117560113906,1,1,121000,121000
1723808208506,3,6,2.2839136416666665,0.2095550227699999,1,1,121000,121000
1723808208506,3,20,0.1521956381999999,0.0107523993725874,0,0,121000,121000
1723808208506,2,5,0.29738108,0.0643048859886094,1,1,121000,121000
1723808208506,2,1,5.68213,0.13892332,0,0,121000,121000
1723808208596,3,6,2.198528256666666,0.1159119696916666,1,1,121000,121000
1723808208596,3,20,0.1497313734999999,0.0263530608738498,0,0,121000,121000
1723808208596,2,5,0.32459645,0.1512452559886094,1,1,121000,121000
1723808208596,2,1,5.729841,0.39032295,0,0,121000,121000
1723808208815,2,5,0.32385133,0.0556527679886094,1,1,121000,122000
1723808208815,2,1,5.7204857,0.14101362,0,0,121000,122000
1723808208998,3,6,2.2761110933333333,0.2671075918533334,1,1,122000,122000
1723808208998,3,20,0.0887196566999999,0.0589071895018693,0,0,122000,122000
1723808208998,2,5,0.324139632,0.0039251591886094,1,1,122000,122000
1723808208998,2,1,5.684206,0.19030388,0,0,122000,122000
1723808209100,3,6,2.3071371483333336,0.07397842,1,1,122000,122000
1723808209100,3,20,0.0718776391999999,0.1041845825323693,0,0,122000,122000
1723808209302,2,5,0.3253595999999999,0.0044583453313905,1,1,122000,122000
1723808209302,2,1,5.5668173,0.3369053,0,0,122000,122000
1723808209512,3,6,2.418741423333333,0.3042401835368449,1,1,122000,122000
1723808209512,3,20,0.0819923849999999,0.0330444185407806,0,0,122000,122000
1723808209608,3,6,2.4031684666666666,0.1431355246783333,1,1,122000,122000
1723808209608,3,20,0.0800356549999999,0.0161554946065306,0,0,122000,122000
1723808209608,2,5,0.307487612,0.0550873860113905,1,1,122000,122000
1723808209608,2,1,5.393612,0.52742803,0,0,122000,122000
1723808209793,2,1,5.400112,0.18929766,0,0,122000,122000
1723808209793,2,5,0.307197844,0.0170078290113905,1,1,122000,122000
1723808210015,2,5,0.308829804,0.0456785108913905,1,1,122000,122000
1723808210015,2,1,5.351049,0.115872905,0,0,122000,122000
1723808210015,3,6,2.212225398333333,0.6275780275,1,1,122000,122000
1723808210015,3,19,0.0823771015789473,0.0163977634226969,0,0,122000,122000
1723808210106,2,5,0.27505986,0.1807989000113906,1,1,122000,122000
1723808210106,2,1,5.212083,0.54580104,0,0,122000,122000
1723808210106,3,6,2.251628585,0.2237309981666666,1,1,122000,122000
1723808210106,3,19,0.0891865715789473,0.0483929887137606,0,0,122000,122000
1723808210294,3,6,2.21183343,0.0668884667666666,1,1,122000,122000
1723808210294,3,19,0.1007917789473683,0.0739659642260559,0,0,122000,122000
1723808210511,3,6,2.2587323466666667,0.1460259890333334,1,1,122000,122000
1723808210511,2,5,0.275059862,0.0054028987313905,1,1,122000,122000
1723808210511,2,2,3.46010165,0.746976275,0,0,122000,122000
1723808210511,3,19,0.088220447368421,0.0367864428970818,0,0,122000,122000
1723808210702,3,19,0.0857642199999999,0.0499281396541124,0,0,122000,222000
1723808210702,3,6,2.2902064133333333,0.1902980495333333,1,1,122000,222000
1723808210804,3,6,2.2890059133333334,0.1629847695716666,1,1,222000,222000
1723808210804,3,19,0.1054825021052631,0.0373125331273376,0,0,222000,222000
1723808210804,2,5,0.275059862,0.0047167467286094,1,1,222000,222000
1723808210804,2,2,3.4717511,0.0895383,0,0,222000,222000
1723808210991,2,5,0.275059862,0.0007771020786094,1,1,222000,222000
1723808210991,2,2,3.55510515,0.185669265,0,0,222000,222000
1723808211114,3,6,2.3813832300000004,0.3268983023333333,1,1,222000,222000
1723808211114,3,19,0.1303196315789473,0.1287586598446577,0,0,222000,222000
1723808211300,2,5,0.2460868399999999,0.1134790866013905,1,1,222000,222000
1723808211300,2,2,3.72074815,0.142249745,0,0,222000,222000
1723808211300,3,6,2.48798403,0.5926196066500001,1,1,222000,222000
1723808211300,3,19,0.1364870999999999,0.0794228332350647,0,0,222000,222000
1723808211696,2,2,4.13791765,0.679773175,0,0,222000,222000
1723808211696,2,4,0.001,0.0030499379857617,1,1,222000,222000
1723808211814,3,5,2.990101876,0.599984412952,1,1,222000,222000
1723808211814,3,19,0.0936420336842105,0.022052435441138,0,0,222000,222000
1723808212002,3,5,3.030433476,0.6009313472546001,1,1,222000,222000
1723808212002,3,19,0.0936420315789473,0.0185382170083282,0,0,222000,222000
1723808212002,2,4,0.001,0.0023479647357617,1,1,222000,222000
1723808212002,2,2,4.0512581,0.2355373315,0,0,222000,222000
1723808212092,2,4,0.001,0.0009667669607617,1,1,222000,222000
1723808212092,2,2,4.3388525,1.622777765,0,0,222000,222000
1723808212311,2,4,0.001,0.0003009004142382,1,1,222000,222000
1723808212311,2,1,4.1418004,2.9841695,0,0,222000,222000
1723808212311,3,4,2.7831574,0.192440938325,1,1,222000,222000
1723808212311,3,19,0.1381661394736841,0.1296804103550736,0,0,222000,222000
1723808212496,3,19,0.1174843078947368,0.0070978254903647,0,0,222000,222000
1723808212496,3,4,2.846954,0.2982816355000001,1,1,222000,222000
1723808212617,2,1,4.364697,1.4380836,0,0,222000,222000
1723808212617,2,4,0.001,2.938927673823125e-05,1,1,222000,222000
1723808212802,2,4,0.032825635,0.1108572849857617,1,1,222000,222000
1723808212802,2,1,4.6673894,1.2775776,0,0,222000,222000
1723808212802,3,5,3.2772055200000003,0.194956798,1,1,222000,222000
1723808212802,3,19,0.1020679484210526,0.0501999313490095,0,0,222000,222000
1723808213003,3,5,3.2648846,0.0012350739999999,1,1,222000,222000
1723808213003,3,19,0.0923655315789473,0.0443707360275227,0,0,222000,222000
1723808213003,2,4,0.120077665,0.3406514999857618,1,1,222000,222000
1723808213003,2,1,4.801941,1.1112144,0,0,222000,222000
1723808213100,2,4,0.137815175,0.3144643499857618,1,1,222000,222000
1723808213100,2,1,4.968287,1.1838933,0,0,222000,222000
1723808213314,2,1,5.0862956,0.66390103,0,0,222000,222000
1723808213314,2,4,0.184012225,0.2102736499857617,1,1,222000,222000
1723808213314,3,5,3.3630825,0.17209093,1,1,222000,222000
1723808213314,3,19,0.119266467368421,0.0890430092008983,0,0,222000,222000
1723808213496,3,5,3.22455182,0.5002050835999999,1,1,222000,222000
1723808213496,3,19,0.1019990631578947,0.0037677384475227,0,0,222000,222000
1723808213496,2,4,0.1974882875,0.1226318324857617,1,1,222000,222000
1723808213496,2,1,5.4424925,1.3819423,0,0,222000,222000
1723808213712,2,4,0.2184456075,0.0837364499857617,1,1,222000,222000
1723808213712,2,1,5.5919766,0.9385174,0,0,222000,222000
1723808213798,2,4,0.2877557774999999,0.2959443376426217,1,1,222000,222000
1723808213798,2,0,0.0,0.0,0,0,222000,222000
1723808213798,3,6,3.8315019833333337,0.5855596283333333,1,1,222000,222000
1723808213798,3,19,0.0867672384210526,0.0411845709208911,0,0,222000,222000
1723808213990,3,6,3.956031766666667,0.5523060599999999,1,1,222000,222000
1723808213990,3,19,0.0966577231578947,0.0338888174659878,0,0,222000,222000
1723808214110,2,1,2.4896545,0.02783725,0,0,222000,222000
1723808214110,2,4,0.4216681499999999,0.4477082751426217,1,1,222000,222000
1723808214301,2,4,0.4790220499999999,0.4078038401426217,1,1,222000,222000
1723808214301,2,1,2.5161476,0.0655058,0,0,222000,222000
1723808214301,3,6,4.021472866666667,0.1902868451666667,1,1,222000,222000
1723808214301,3,20,0.1675301284999999,0.0047522250856785,0,0,222000,222000
1723808214500,3,6,4.05166335,0.2027104468833333,1,1,222000,222000
1723808214500,3,20,0.1588139784999999,0.0350055768968885,0,0,222000,222000
1723808214500,2,4,0.529584015,0.2410332851176217,1,1,222000,222000
1723808214500,2,1,2.58729,0.26359987,0,0,222000,222000
1723808214597,2,4,0.5722145249999999,0.3096398401426217,1,1,222000,222000
1723808214597,2,1,2.5529554,0.044484496,0,0,222000,222000
1723808214814,3,20,0.1648770899999999,0.0311112660405599,0,0,222000,222000
1723808214814,3,7,4.5231245,0.4602057604285715,1,1,222000,222000
1723808214814,2,4,0.6269419749999999,0.2713472251426217,1,1,222000,222000
1723808214814,2,1,2.5529552,0.06610284,0,0,222000,222000
1723808214997,2,4,0.693460825,0.3276081901426217,1,1,222000,222000
1723808214997,2,1,2.5529552,0.021529434,0,0,222000,222000
1723808214997,3,7,4.562172385714286,0.3397301803857143,1,1,222000,222000
1723808214997,3,20,0.1491946999999999,0.0803609203803873,0,0,222000,222000
1723808215091,3,7,4.59108292857143,0.3466365649099999,1,1,222000,222000
1723808215091,3,20,0.1580833749999999,0.0345530375621498,0,0,222000,222000
1723808215311,2,4,0.757276225,0.1964791676426217,1,1,222000,222000
1723808215311,2,1,2.6316025,0.5523995,0,0,222000,222000
1723808215311,3,6,5.21263635,0.3235333743333333,1,1,222000,222000
1723808215311,3,20,0.1528756669999999,0.0161184785279439,0,0,222000,222000
1723808215502,3,7,5.306120428571428,0.1217551529285714,1,1,222000,222000
1723808215502,3,20,0.1323920269999999,0.1026035871853755,0,0,222000,222000
1723808215704,2,4,0.7719259999999999,0.0119037073573782,1,1,222000,222000
1723808215704,2,1,2.6483202,0.08664596,0,0,222000,222000
1723808215794,2,1,2.7489665,0.34386027,0,0,222000,222000
1723808215794,2,4,0.826112175,0.1273105001426217,1,1,222000,222000
1723808216005,3,7,5.263094371428571,0.0075152175714285,1,1,222000,222000
1723808216005,3,20,0.1515778499999999,0.0301725535435368,0,0,222000,222000
1723808216102,3,7,5.302021228571428,0.1114189554285714,1,1,222000,222000
1723808216102,3,20,0.1517486349999999,0.0408842649564631,0,0,222000,222000
1723808216102,2,4,0.8279266249999999,0.0360693001426217,1,1,222000,222000
1723808216102,2,1,2.6963942,0.12772813,0,0,222000,222000
1723808216295,3,21,0.1816482557142857,0.0677046805299648,0,0,222000,222000
1723808216295,3,7,5.351307271428571,0.2664058115969276,1,1,222000,222000
1723808216425,2,4,0.8718849249999999,0.1749555676426217,1,1,222000,222000
1723808216425,2,1,2.7630122,0.13592237,0,0,222000,222000
1723808216586,2,4,0.868633875,0.0594146363926217,1,1,222000,222000
1723808216586,2,1,2.7459888,0.06299746,0,0,222000,222000
1723808216706,3,21,0.1872590666666666,0.0098741025804994,0,0,222000,222000
1723808216706,3,7,5.393295871428571,0.0603772685714285,1,1,222000,222000
1723808216808,2,1,2.7175074,0.09849343,0,0,222000,222000
1723808216808,2,4,0.903184525,0.1116205531426217,1,1,222000,222000
1723808216808,3,7,5.384922828571428,0.0314433228571428,1,1,222000,222000
1723808216808,3,21,0.187259068095238,0.0058174630947851,0,0,222000,222000
1723808216995,2,4,0.91195765,0.1018359529226217,1,1,222000,222000
1723808216995,2,1,2.831096,0.43181902,0,0,222000,222000
1723808217306,3,9,4.886528555555556,0.0461720496666666,1,1,222000,222000
1723808217306,3,21,0.1833872933333333,0.0183338272567974,0,0,222000,222000
1723808217306,2,4,0.935275875,0.0543567913926217,1,1,222000,222000
1723808217306,2,1,2.7540045,0.07584362,0,0,222000,222000
1723808217493,3,9,4.899987944444444,0.069553505,1,1,222000,222000
1723808217493,3,21,0.1934572442857142,0.0439927300051073,0,0,222000,222000
1723808217704,2,1,2.765226,0.005337447,0,0,222000,222000
1723808217704,2,4,0.927446125,0.0047518778573782,1,1,222000,222000
1723808217808,3,21,0.2062525176190476,0.0349308504665359,0,0,222000,222000
1723808217808,3,9,4.938378355555556,0.172323,1,1,222000,222000
1723808217808,2,4,0.9268033,0.0161015298573782,1,1,222000,222000
1723808217808,2,1,2.7652261,0.009732196,0,0,222000,222000
1723808217998,3,9,4.9391553,0.0834593742222222,1,1,222000,222000
1723808217998,3,21,0.2258472523809523,0.0803506234336787,0,0,222000,222000
1723808218098,3,9,4.881825355555555,0.181127724,1,1,222000,222000
1723808218098,3,21,0.2077209871428571,0.0057883478241073,0,0,222000,222000
1723808218098,2,4,0.91017945,0.0488070886073782,1,1,222000,222000
1723808218098,2,1,2.7652261,0.0011879703,0,0,222000,222000
1723808218503,2,4,0.907111975,0.0046400531073782,1,1,222000,222000
1723808218503,2,1,2.7652261,0.00021788722,0,0,222000,222000
1723808218503,3,9,4.9195497,0.0544547927777777,1,1,222000,222000
1723808218503,3,21,0.2026658309523809,0.0057606616108692,0,0,222000,222000
1723808218594,2,1,2.7652261,0.00010339961,0,0,222000,222000
1723808218594,3,21,0.2182055138095237,0.0669936364093006,0,0,222000,222000
1723808218594,2,4,0.8971764999999999,0.0361554021073782,1,1,222000,222000
1723808218594,3,9,4.832293241111112,0.2737057683555555,1,1,222000,222000
1723808218807,2,4,0.868561525,0.1214543533573783,1,1,222000,222000
1723808218807,2,1,2.3719573,1.5443367,0,0,222000,222000
1723808219010,3,9,4.814697316666666,0.1651184441577778,1,1,222000,222000
1723808219010,3,21,0.221884419047619,0.0214875949848254,0,0,222000,222000
1723808219110,2,4,0.837094975,0.1211854423573783,1,1,222000,222000
1723808219110,3,9,4.813006644444445,0.1215958424188888,1,1,222000,222000
1723808219110,3,21,0.2227867828571428,0.012681177858811,0,0,222000,222000
1723808219110,2,1,2.718023,0.53811264,0,0,222000,222000
1723808219296,2,4,0.9623565,0.3589198126375284,1,1,222000,222000
1723808219296,2,1,2.718023,0.14793615,0,0,222000,222000
1723808219516,2,1,2.718023,0.03295885,0,0,222000,222000
1723808219516,2,4,1.01303945,0.3355229551375284,1,1,222000,222000
1723808219516,3,8,4.61988955875,0.3456296,1,1,222000,222000
1723808219516,3,20,0.1624270899999999,0.0003080870819197,0,0,222000,222000
1723808219692,3,7,4.182840294285714,0.3915987671428572,1,1,222000,222000
1723808219692,3,20,0.159377107,0.0100237829528182,0,0,222000,222000
1723808219692,2,4,0.7246396499999999,0.6117052973624715,1,1,222000,222000
1723808219692,2,1,2.7180233,0.020218793,0,0,222000,222000
1723808220008,2,4,0.5969391249999999,0.6333101923624715,1,1,222000,222000
1723808220008,2,1,2.718023,0.0012602649,0,0,222000,222000
1723808220008,3,7,4.167474771428571,0.0864720452857143,1,1,222000,222000
1723808220008,3,21,0.1757658857142857,0.0190749709895987,0,0,222000,222000
1723808220102,3,7,4.197605651428571,0.0555968142857142,1,1,222000,222000
1723808220102,2,4,0.5706597999999999,0.4624349823624716,1,1,222000,222000
1723808220102,2,1,2.7180233,0.0015177958,0,0,222000,222000
1723808220102,3,21,0.1785776795238095,0.0036261048980522,0,0,222000,222000
1723808220296,2,0,0.0,0.0,0,0,222000,222000
1723808220296,2,4,0.50076395,0.2623105673624715,1,1,222000,222000
1723808220296,3,21,0.1684764414285714,0.0316926796541275,0,0,222000,222000
1723808220296,3,7,4.193117222857143,0.0617925585714285,1,1,222000,222000
1723808220505,2,4,0.4481347999999999,0.3020574361124716,1,1,222000,222000
1723808220505,2,1,8.226021,0.3899873,0,0,222000,222000
1723808220505,3,7,4.135564835714286,0.1874298719571428,1,1,222000,222000
1723808220505,3,21,0.1607097038095238,0.0375110816275234,0,0,222000,222000
1723808220608,3,21,0.1578561038095237,0.0553602694892231,0,0,222000,222000
1723808220608,3,7,4.123906665714285,0.2440719786714285,1,1,222000,222000
1723808220797,2,4,0.3309982374999999,0.3772113053624715,1,1,222000,222000
1723808220797,2,1,8.294977,0.26056296,0,0,222000,222000
1723808220797,3,7,4.171900211428572,0.0688111633714285,1,1,222000,222000
1723808220797,3,21,0.1766090371428571,0.0396656152294141,0,0,222000,222000
1723808221112,2,2,7.6196193,0.098132385,0,0,222000,222000
1723808221112,2,4,0.2388769625,0.3210943630874716,1,1,222000,222000
1723808221112,3,8,4.6041216975,0.0162796372587499,1,1,222000,222000
1723808221112,3,21,0.1586448838095238,0.012043945063036,0,0,222000,222000
1723808221294,3,8,4.6139300725,0.07027646581875,1,1,222000,222000
1723808221294,3,21,0.1586507361904761,0.013821681665417,0,0,222000,222000
1723808221294,2,4,0.2176691275,0.2048057122299716,1,1,222000,222000
1723808221294,2,2,7.67729365,0.324168695,0,0,222000,222000
1723808221512,2,4,0.189495175,0.1106789444774715,1,1,222000,222000
1723808221512,2,2,7.731251650000001,0.282837155,0,0,222000,222000
1723808221698,3,8,4.6461258725,0.09377556458375,1,1,222000,222000
1723808221698,2,4,0.1619989399999999,0.1591696810372215,1,1,222000,222000
1723808221698,2,2,7.7720505,0.255848355,0,0,222000,222000
1723808221698,3,21,0.1448635904761904,0.0301616201420837,0,0,222000,222000
1723808221797,3,21,0.1446952066666666,0.0757854583245789,0,0,222000,222000
1723808221797,3,8,4.64070128125,0.064934723215,1,1,222000,222000
1723808222003,2,4,0.11896505,0.1456612402167215,1,1,222000,222000
1723808222003,2,2,7.7541885,0.047669255,0,0,222000,222000
1723808222194,3,7,5.281242257142857,0.0243903158571428,1,1,222000,222000
1723808222194,3,20,0.1256745825,0.0241327298792493,0,0,222000,222000
1723808222311,2,4,0.07164582875,0.1842974880560215,1,1,222000,222000
1723808222311,2,1,8.553241,0.01040746,0,0,222000,222000
1723808222501,2,1,8.553241,0.0030628056,0,0,222000,222000
1723808222501,3,7,5.252785857142858,0.0691399148571428,1,1,222000,222000
1723808222501,2,4,0.07164583,0.075439734705489,1,1,222000,222000
1723808222501,3,19,0.0958022663157894,0.0169855461994288,0,0,222000,222000
1723808222701,2,1,8.553241,0.00058198045,0,0,222000,222000
1723808222701,2,4,0.0716458325,0.0058659603947426,1,1,222000,222000
1723808222701,3,19,0.1052271105263157,0.0346299724165704,0,0,222000,222000
1723808222701,3,7,5.2409975285714285,0.07052880611,1,1,222000,222000
1723808222798,2,4,0.0716458349999999,0.0089043317914174,1,1,222000,222000
1723808222798,2,1,8.553241,0.00056869455,0,0,222000,222000
1723808223012,3,7,5.296878114285714,0.0111023272285714,1,1,222000,222000
1723808223012,3,19,0.0940880305263157,0.0460739438347913,0,0,222000,222000
1723808223012,2,4,0.0716458349999999,0.0026168546502284,1,1,222000,222000
1723808223012,2,1,8.533679,0.068710454,0,0,222000,222000
1723808223106,2,4,0.0716458349999999,0.0009557982289754,1,1,222000,222000
1723808223106,2,1,8.5040655,0.17949715,0,0,222000,222000
1723808223106,3,7,5.286981857142857,0.1102724638571428,1,1,222000,222000
1723808223106,3,19,0.0733500642105263,0.0036947536899541,0,0,222000,222000
1723808223312,2,1,8.5040655,0.07035594,0,0,222000,222000
1723808223312,2,3,0.04155078,0.0005337014794299,1,1,222000,222000
1723808223502,2,3,0.04155078,0.0002497482587238,1,1,222000,222000
1723808223502,2,1,8.355215,0.5825075,0,0,222000,222000
1723808223502,3,6,5.961986083333334,0.0636901523333333,1,1,222000,222000
1723808223502,3,19,0.0846539768421052,0.0228514815853689,0,0,222000,222000
1723808223602,3,6,5.956773583333334,0.0450466866666666,1,1,222000,222000
1723808223602,3,19,0.0965129736842105,0.0287770994672625,0,0,222000,222000
1723808223800,2,3,0.04155078,2.4287598511699995e-05,1,1,222000,222000
1723808223800,2,1,8.156108,0.63127226,0,0,222000,222000
1723808224010,3,7,5.151614954285714,0.01781542,1,1,222000,222000
1723808224010,3,19,0.1029927305263157,0.0008283763093678,0,0,222000,222000
1723808224110,3,7,5.1638654242857145,0.06779837,1,1,222000,222000
1723808224110,3,19,0.0972686721052631,0.0060499736906321,0,0,222000,222000
1723808224110,2,2,0.001,4.8776755e-10,1,1,222000,222000
1723808224110,2,1,8.156108,0.03353706,0,0,222000,222000
1723808224289,2,2,0.001,4.8776755e-10,1,1,222000,222000
1723808224289,2,1,8.156108,0.028740741,0,0,222000,222000
1723808224507,2,2,0.001,4.8776755e-10,1,1,222000,222000
1723808224507,2,1,8.156108,0.010389768,0,0,222000,222000
1723808224507,3,7,5.203924205714286,0.1007628625714285,1,1,222000,222000
1723808224507,3,19,0.1089836505263157,0.0339717363093678,0,0,222000,222000
1723808224690,3,7,5.205817528571428,0.0572990717857142,1,1,222000,222000
1723808224690,3,19,0.1247227368421052,0.1177722947304204,0,0,222000,222000
1723808224812,2,2,0.001,4.8776755e-10,1,1,222000,222000
1723808224812,2,1,8.156108,0.0013428013,0,0,222000,222000
1723808224997,3,19,0.1404343631578947,0.0147509173619994,0,0,222000,222000
1723808224997,3,7,5.153769775714285,0.1331701030642857,1,1,222000,222000
1723808224997,2,2,0.001,4.8776755e-10,1,1,222000,222000
1723808224997,2,1,8.156108,0.0007234358,0,0,222000,222000
1723808225107,3,7,5.160555518571428,0.0829517251485714,1,1,222000,222000
1723808225107,3,19,0.1478196578947368,0.0344718315725257,0,0,222000,222000
1723808225107,2,2,0.001,4.8776755e-10,1,1,222000,222000
1723808225107,2,1,8.156108,0.00013469358,0,0,222000,222000
1723808225307,2,2,0.001,4.8776755e-10,1,1,222000,222000
1723808225307,2,1,8.156108,5.260108e-05,0,0,222000,222000
1723808225307,3,7,5.041070447142857,0.4201665882714285,1,1,222000,222000
1723808225307,3,19,0.1897885263157894,0.150010915783052,0,0,222000,222000
1723808225508,2,1,8.156108,2.5982836e-05,0,0,222000,222000
1723808225508,3,7,5.097712934285714,0.1010821784285714,1,1,222000,222000
1723808225508,3,19,0.1785281368421052,0.0340013668356836,0,0,222000,222000
1723808225508,2,3,0.2700834166666666,0.690575933008155,1,1,222000,222000
1723808225690,3,19,0.1946697368421052,0.0464044399935783,0,0,222000,222000
1723808225690,2,3,0.2700834333333333,0.3265343496748216,1,1,222000,222000
1723808225690,3,7,5.058907849999999,0.1293125992828571,1,1,222000,222000
1723808225690,2,0,0.0,0.0,0,0,222000,222000
1723808225816,3,19,0.2095397947368421,0.0831540463093678,0,0,222000,222000
1723808225816,3,7,5.053886635714286,0.1055669399714286,1,1,222000,222000
1723808225999,3,7,5.038150047142857,0.0928140342857142,1,1,222000,222000
1723808225999,3,19,0.2025494315789473,0.0109413736777888,0,0,222000,222000
1723808225999,2,3,0.1929037,0.2727224330081549,1,1,222000,222000
1723808225999,2,0,0.0,0.0,0,0,222000,222000
1723808226089,3,7,5.036698647142857,0.0738991022857143,1,1,222000,222000
1723808226089,3,19,0.2080088105263157,0.0274594815725257,0,0,222000,222000
1723808226309,2,3,0.4938524666666666,0.9880511003251784,1,1,222000,222000
1723808226309,2,0,0.0,0.0,0,0,222000,222000
1723808226309,3,7,5.008833804285715,0.1094571764285714,1,1,222000,222000
1723808226309,3,19,0.2298675736842105,0.0975510120988415,0,0,222000,222000
1723808226532,2,3,0.4148549666666667,0.1270629563414883,1,1,222000,222000
1723808226532,2,0,0.0,0.0,0,0,222000,222000
1723808226692,2,0,0.0,0.0,0,0,222000,222000
1723808226692,2,3,0.3989805333333333,0.2351909463414883,1,1,222000,222000
1723808226797,2,3,0.3169390666666666,0.4503501663414882,1,1,222000,222000
1723808226797,2,1,6.1369267,0.0,0,0,222000,222000
1723808226797,3,7,4.936293871428572,0.2997789753071428,1,1,222000,222000
1723808226797,3,20,0.23890551,0.1185102062088994,0,0,222000,222000
1723808227017,2,4,0.3159472125,0.3043175997561162,1,1,222000,222000
1723808227017,2,1,6.049128,0.24220459,0,0,222000,222000
1723808227114,2,4,0.3259874,0.1692432747561162,1,1,222000,222000
1723808227114,2,1,6.0347066,0.27268112,0,0,222000,222000
1723808227114,3,7,4.814583885714286,0.4885923488571428,1,1,222000,222000
1723808227114,3,20,0.2432724,0.0404061236478994,0,0,222000,222000
1723808227298,3,7,4.790093514285714,0.2553094915714286,1,1,222000,222000
1723808227298,3,20,0.25931094,0.0728240842688994,0,0,222000,222000
1723808227492,2,0,0.0,0.0,0,0,222000,222000
1723808227492,2,4,0.4728024749999999,0.1402295677438837,1,1,222000,222000
1723808227612,3,7,4.697529171428571,0.3348781525571428,1,1,222000,222000
1723808227612,3,20,0.273335575,0.0494968344534994,0,0,222000,222000
1723808227797,3,7,4.636328428571429,0.3457092511142857,1,1,222000,222000
1723808227797,3,20,0.270672575,0.0070846173225494,0,0,222000,222000
1723808227797,2,4,0.6465637,0.5526272252438837,1,1,222000,222000
1723808227797,2,0,0.0,0.0,0,0,222000,222000
1723808228110,2,4,0.6947825,0.1564184352438837,1,1,222000,222000
1723808228110,2,0,0.0,0.0,0,0,222000,222000
1723808228110,3,6,5.0165567,0.6699490993333335,1,1,222000,222000
1723808228110,3,20,0.271257225,0.0241899004624205,0,0,222000,222000
1723808228292,3,6,4.9826328,0.3962543514999999,1,1,222000,222000
1723808228292,3,20,0.280324095,0.012087095477738,0,0,222000,222000
1723808228511,2,0,0.0,0.0,0,0,222000,222000
1723808228511,3,20,0.30864623,0.1206394709417704,0,0,222000,222000
1723808228511,2,4,0.7664510999999999,0.2036160337438838,1,1,222000,222000
1723808228511,3,6,4.809071366666667,0.5839756866166667,1,1,222000,222000
1723808228697,3,5,4.23181748,0.6340830249199999,1,1,222000,222000
1723808228697,3,20,0.2994277550000001,0.0102889939809376,0,0,222000,222000
1723808228799,3,5,4.18013018,0.5925831826,1,1,222000,222000
1723808228799,3,20,0.30122955,0.0076122884689816,0,0,222000,222000
1723808228799,2,4,0.7160224,0.1836587257561162,1,1,222000,222000
1723808228799,2,0,0.0,0.0,0,0,222000,222000
1723808229000,3,6,4.1218215,0.3501111491133333,1,1,222000,222000
1723808229000,2,4,0.711602075,0.1602968368811162,1,1,222000,222000
1723808229000,2,0,0.0,0.0,0,0,222000,222000
1723808229000,3,20,0.317585425,0.0615173775106307,0,0,222000,222000
1723808229110,2,0,0.0,0.0,0,0,222000,222000
1723808229110,2,4,0.79637965,0.2813338952438837,1,1,222000,222000
1723808229110,3,20,0.31002821,0.0019844147376476,0,0,222000,222000
1723808229110,3,6,4.09992775,0.2979945217258333,1,1,222000,222000
1723808229295,2,4,0.72407735,0.1023960322561162,1,1,222000,222000
1723808229295,2,0,0.0,0.0,0,0,222000,222000
1723808229509,3,6,4.018584833333333,0.2851451666666666,1,1,222000,222000
1723808229509,3,20,0.3326230400000001,0.0897411409705472,0,0,222000,222000
1723808229509,2,4,0.77139205,0.0968445839938837,1,1,222000,222000
1723808229509,2,0,0.0,0.0,0,0,222000,222000
1723808229602,3,6,4.023811166666667,0.2007185713333333,1,1,222000,222000
1723808229602,3,20,0.3361010300000001,0.0811853914705472,0,0,222000,222000
1723808229602,2,4,0.77139205,0.1191229502438837,1,1,222000,222000
1723808229602,2,0,0.0,0.0,0,0,222000,222000
1723808229999,3,20,0.319531635,0.0005333585294527,0,0,222000,222000
1723808229999,3,6,3.9331822333333335,0.2499731934166666,1,1,222000,222000
1723808229999,2,0,0.0,0.0,0,0,222000,222000
1723808229999,2,4,0.808268325,0.2066114282438838,1,1,222000,222000
1723808230094,3,6,3.9546019,0.1243759944333333,1,1,222000,222000
1723808230094,3,20,0.319095295,0.0128967599705472,0,0,222000,222000
1723808230316,2,5,0.93586508,0.346288148195107,1,1,222000,222000
1723808230316,2,0,0.0,0.0,0,0,222000,222000
1723808230316,3,6,3.9101547,0.12841333237,1,1,222000,222000
1723808230316,3,20,0.298614885,0.0581773320294527,0,0,222000,222000
1723808230497,2,5,0.8987930799999999,0.023183740195107,1,1,222000,222000
1723808230497,2,0,0.0,0.0,0,0,222000,222000
1723808230497,3,6,3.8910715,0.23040536176,1,1,222000,222000
1723808230497,3,20,0.3048130600000001,0.0063328965294527,0,0,222000,222000
1723808230807,3,20,0.2974942950000001,0.0364736185294527,0,0,222000,222000
1723808230807,3,5,4.38045764,0.4281565347020001,1,1,222000,222000
1723808230807,2,5,1.02749856,0.365625888195107,1,1,222000,222000
1723808230807,2,1,2.9095244,0.46594116,0,0,222000,222000
1723808231003,3,5,4.369155999999999,0.2417745413264,1,1,222000,222000
1723808231003,3,20,0.30273326,0.0325871870294527,0,0,222000,222000
1723808231003,2,5,1.08077936,0.266072108195107,1,1,222000,222000
1723808231003,2,1,2.9095244,0.24171042,0,0,222000,222000
1723808231112,2,5,1.10177678,0.149086550195107,1,1,222000,222000
1723808231112,2,1,2.9095244,0.11206354,0,0,222000,222000
1723808231300,2,5,1.06530332,0.1350735758048929,1,1,222000,222000
1723808231300,2,1,2.9095244,0.010744382,0,0,222000,222000
1723808231300,3,4,3.436157675,0.560629385,1,1,222000,222000
1723808231300,3,20,0.3472452600000001,0.1627536704705472,0,0,222000,222000
1723808231500,2,5,1.0239958,0.1680794038048929,1,1,222000,222000
1723808231500,2,1,2.9095244,0.0155834835,0,0,222000,222000
1723808231500,3,4,3.3927729500000003,0.3869251875,1,1,222000,222000
1723808231500,3,20,0.2872005600000001,0.1173222400294527,0,0,222000,222000
1723808231712,3,4,3.327187875,0.25916603525,1,1,222000,222000
1723808231712,3,20,0.2944312300000001,0.0549920915294527,0,0,222000,222000
1723808231899,3,4,3.290743,0.2065251305,1,1,222000,222000
1723808231899,3,20,0.2813030000000001,0.0284268635294527,0,0,222000,222000
1723808231899,2,5,1.01377462,0.0644960218048929,1,1,222000,222000
1723808231899,2,1,2.9095244,0.0011182703,0,0,222000,222000
1723808231996,2,1,2.9095244,0.0009276319,0,0,222000,222000
1723808231996,2,6,2.0099569833333333,0.0910087645040774,1,1,222000,222000
1723808232101,3,4,3.1125836600000003,0.735947359,1,1,222000,222000
1723808232101,3,20,0.2807614350000001,0.0108840780294527,0,0,222000,222000
1723808232101,2,6,2.005121266666667,0.0974392274040775,1,1,222000,222000
1723808232101,2,1,2.9095244,0.00059567776,0,0,222000,222000
1723808232298,2,1,2.9095244,7.3330157e-06,0,0,222000,222000
1723808232298,2,6,1.9519229833333331,0.1958806320040774,1,1,222000,222000
1723808232298,3,20,0.2550712850000001,0.0878442780294527,0,0,222000,222000
1723808232298,3,4,3.08803142,0.3956864535,1,1,222000,222000
1723808232512,3,4,2.918690685,0.5799540575,1,1,222000,222000
1723808232512,3,20,0.2519348750000001,0.0508151791794527,0,0,222000,222000
1723808232702,3,4,2.92947474,0.3018440625,1,1,222000,222000
1723808232702,3,20,0.2429859750000001,0.0581252100294527,0,0,222000,222000
1723808232702,2,6,1.80514445,0.3848262675040774,1,1,222000,222000
1723808232702,2,0,0.0,0.0,0,0,222000,222000
1723808232912,3,4,2.865779785,0.21487357925,1,1,222000,222000
1723808232912,3,20,0.2333483750000001,0.0146559925294527,0,0,222000,222000
1723808233007,2,8,1.64762651625,0.100435645753058,1,1,222000,222000
1723808233007,2,0,0.0,0.0,0,0,222000,222000
1723808233007,3,4,2.81377496,0.3680046557499999,1,1,222000,222000
1723808233007,3,20,0.2342503500000001,0.0427880890294527,0,0,222000,222000
1723808233099,3,4,2.81377496,0.321018377925,1,1,222000,222000
1723808233099,3,20,0.2234757000000001,0.0796015575294527,0,0,222000,222000
1723808233099,2,8,1.64652547875,0.0576440879280581,1,1,222000,222000
1723808233099,2,0,0.0,0.0,0,0,222000,222000
1723808233313,3,4,2.7489583575000003,0.260863136,1,1,222000,222000
1723808233313,3,20,0.2158395350000001,0.0440912640294527,0,0,222000,222000
1723808233313,2,8,1.62647227875,0.0722225828305581,1,1,222000,222000
1723808233313,2,1,3.0634434,0.28619066,0,0,222000,222000
1723808233492,3,4,2.7489585325,0.08720893607425,1,1,222000,222000
1723808233492,3,20,0.2055451950000001,0.0690334015294527,0,0,222000,222000
1723808233492,2,9,1.589386058888889,0.0293930653160516,1,1,222000,222000
1723808233492,2,0,0.0,0.0,0,0,222000,222000
1723808233803,2,0,0.0,0.0,0,0,222000,222000
1723808233803,2,9,1.5664997666666665,0.0437705417232738,1,1,222000,222000
1723808233803,3,20,0.1729112349999999,0.1171397500294527,0,0,222000,222000
1723808233803,3,3,3.4847431566666667,0.2430406116333333,1,1,222000,222000
1723808234114,3,3,3.3339984900000004,0.5006669024,1,1,222000,222000
1723808234114,3,20,0.1821784399999999,0.0257307475294527,0,0,222000,222000
1723808234296,2,8,1.46500335,0.1381582806185581,1,1,222000,222000
1723808234296,2,0,0.0,0.0,0,0,222000,222000
1723808234296,3,3,3.24154536,0.59260696165,1,1,222000,222000
1723808234296,3,20,0.1799615549999999,0.0394259250294527,0,0,222000,222000
1723808234512,3,3,3.1409073566666663,0.477893898955,1,1,222000,222000
1723808234512,3,20,0.1735204049999999,0.0220825315294527,0,0,222000,222000
1723808234702,2,8,1.424635155,0.0127649356280581,1,1,222000,222000
1723808234702,2,0,0.0,0.0,0,0,222000,222000
1723808234702,3,3,3.04034749,0.6355555707806667,1,1,222000,222000
1723808234702,3,20,0.1506317999999999,0.0920608000294527,0,0,222000,222000
1723808234792,2,8,1.4552488037500002,0.1134699118719419,1,1,222000,222000
1723808234792,2,0,0.0,0.0,0,0,222000,222000
1723808235009,3,2,4.4575512,0.0864424685,1,1,222000,222000
1723808235009,3,20,0.1423916749999999,0.0347982435294527,0,0,222000,222000
1723808235009,2,8,1.482253545,0.1569120267469418,1,1,222000,222000
1723808235009,2,0,0.0,0.0,0,0,222000,222000
1723808235098,3,2,4.4575512,0.0054483305,1,1,222000,222000
1723808235098,3,20,0.1484518299999999,0.0156542000294527,0,0,222000,222000
1723808235098,2,8,1.4552577375000002,0.0283574238719418,1,1,222000,222000
1723808235098,2,0,0.0,0.0,0,0,222000,222000
1723808235312,3,20,0.1250090699999999,0.0741454070294527,0,0,222000,222000
1723808235312,3,2,4.4575512,0.031071980135,1,1,222000,222000
1723808235498,2,0,0.0,0.0,0,0,222000,222000
1723808235498,2,8,1.385243975,0.1147549111280581,1,1,222000,222000
1723808235498,3,20,0.1120590149999999,0.0743211685294527,0,0,222000,222000
1723808235498,3,2,4.4575512,0.0078466629,1,1,222000,222000
1723808235712,3,2,4.271732699999999,0.609999708,1,1,222000,222000
1723808235712,3,20,0.1112003449999999,0.0219733795294527,0,0,222000,222000
1723808235808,3,2,4.271732699999999,0.54656296575,1,1,222000,222000
1723808235808,3,20,0.1264403699999999,0.0337065225705472,0,0,222000,222000
1723808235808,2,8,1.3903445925000002,0.0401284036280581,1,1,222000,222000
1723808235808,2,0,0.0,0.0,0,0,222000,222000
1723808235998,2,8,1.39222158,0.0818796911280581,1,1,222000,222000
1723808235998,2,0,0.0,0.0,0,0,222000,222000
1723808236102,2,8,1.4699911425,0.2408612426219418,1,1,222000,222000
1723808236102,2,0,0.0,0.0,0,0,222000,222000
1723808236102,3,2,4.275719199999999,0.01328547273,1,1,222000,222000
1723808236102,3,20,0.0997678864999999,0.0484331255294527,0,0,222000,222000
1723808236301,2,0,0.0,0.0,0,0,222000,222000
1723808236301,2,8,1.432078205,0.0306526773780581,1,1,222000,222000
1723808236301,3,2,4.27571945,0.03951508271,1,1,222000,222000
1723808236301,3,21,0.1059174776190475,0.069631734789955,0,0,222000,222000
1723808236514,3,1,4.423635,0.10792959,1,1,222000,222000
1723808236514,3,21,0.1141055414285713,0.0026005999719497,0,0,222000,222000
1723808236621,3,1,4.4236355,0.108021565,1,1,222000,222000
1723808236621,3,21,0.1097953552380952,0.0150332531709073,0,0,222000,222000
1723808236621,2,8,1.475522475,0.1006940418719418,1,1,222000,222000
1723808236621,2,0,0.0,0.0,0,0,222000,222000
1723808236778,3,1,4.3530297,0.2322442,1,1,222000,222000
1723808236778,3,21,0.1051943442857142,0.0296859776470978,0,0,222000,222000
1723808236778,2,9,1.4623503444444443,0.128290387330615,1,1,222000,222000
1723808236778,2,0,0.0,0.0,0,0,222000,222000
1723808236914,3,21,0.1177540409523809,0.0276276075624259,0,0,222000,111000
1723808236914,3,2,4.610486,0.02654247,1,1,222000,111000
1723808237008,3,2,4.61048635,0.035967495,1,1,111000,111001
1723808237008,3,21,0.1169337442857142,0.0310391021481402,0,0,111000,111001
1723808237008,2,10,1.5736195549999998,0.0352902891934735,1,1,111000,111001
1723808237008,2,0,0.0,0.0,0,0,111000,111001
1723808237192,2,10,1.557736877,0.1293390980924464,1,1,111001,111001
1723808237192,2,0,0.0,0.0,0,0,111001,111001
1723808237314,3,2,4.7631247000000005,0.5021277318,1,1,111001,111001
1723808237314,3,21,0.1031377209523809,0.0365797447185264,0,0,111001,111001
1723808237410,3,2,4.7631247000000005,0.255929811115,1,1,111001,111001
1723808237410,3,21,0.1043411828571428,0.0044710919328121,0,0,111001,111001
1723808237410,2,10,1.605950937,0.1291318987325535,1,1,111001,111001
1723808237410,2,0,0.0,0.0,0,0,111001,111001
1723808237595,2,0,0.0,0.0,0,0,111001,111001
1723808237595,2,10,1.58227116,0.0246074326078464,1,1,111001,111001
1723808237804,3,2,5.0642533,0.8232813750000001,1,1,111001,111001
1723808237804,3,21,0.1044132857142856,0.0050691401624259,0,0,111001,111001
1723808238000,2,10,1.81800415,0.0401176865024464,1,1,111001,111001
1723808238000,2,0,0.0,0.0,0,0,111001,111001
1723808238201,3,2,5.0562282,0.0153948899999999,1,1,111001,111001
1723808238201,3,21,0.1108536319047618,0.0523127022636702,0,0,111001,111001
1723808238292,3,2,5.3457532,0.995481425,1,1,111001,111001
1723808238292,3,21,0.1155203985714285,0.0719998404350988,0,0,111001,111001
1723808238511,2,10,1.7551561970000005,0.2265753693824465,1,1,111001,111001
1723808238511,2,1,6.1175785,0.14040625,0,0,111001,111001
1723808238511,3,2,5.0709105,0.2556381949999999,1,1,111001,111001
1723808238511,3,21,0.0830655504761904,0.1052444073506154,0,0,111001,111001
1723808238688,3,2,5.0709105,0.0249215599999999,1,1,111001,111001
1723808238688,3,21,0.1060526457142856,0.0058819573660512,0,0,111001,111001
1723808238812,2,10,1.661982041,0.3059627161024464,1,1,111001,111001
1723808238812,2,0,0.0,0.0,0,0,111001,111001
1723808239005,2,0,0.0,0.0,0,0,111001,111001
1723808239005,2,11,1.677779345454545,0.0427137054567695,1,1,111001,111001
1723808239005,3,21,0.1058001933333332,0.0138183218981464,0,0,111001,111001
1723808239005,3,2,4.79662035,0.91585722,1,1,111001,111001
1723808239094,3,2,4.76960945,0.63966735,1,1,111001,111001
1723808239094,3,21,0.1058989361904761,0.0106221730027583,0,0,111001,111001
1723808239312,3,2,4.5717088,0.6745616799999999,1,1,111001,111001
1723808239312,3,21,0.1048625361904761,0.0214902158747916,0,0,111001,111001
1723808239407,3,2,4.55195405,0.5232910749999999,1,1,111001,111001
1723808239407,3,21,0.1048625361904761,0.0266885216350487,0,0,111001,111001
1723808239407,2,11,1.6409670727272727,0.1949684107294968,1,1,111001,111001
1723808239407,2,2,3.7502073,0.44196778,0,0,111001,111001
1723808239500,3,2,4.55195405,0.314415595,1,1,111001,111001
1723808239500,3,20,0.0885093244999999,0.0378613820214937,0,0,111001,111001
1723808239500,2,11,1.6367279600000002,0.1803513262749513,1,1,111001,111001
1723808239500,2,2,3.7581343,0.42795793,0,0,111001,111001
1723808239699,3,20,0.0863988969999999,0.0182901249371289,0,0,111001,111001
1723808239699,3,2,4.5036238,0.150531495,1,1,111001,111001
1723808239699,2,11,1.6202871509090906,0.1241623939113149,1,1,111001,111001
1723808239699,2,2,3.8576272,0.526792495,0,0,111001,111001
1723808239806,3,2,4.5036238,0.081868859,1,1,111001,000001
1723808239806,3,20,0.0899490599999999,0.0173150198980522,0,0,111001,000001
1723808239905,3,2,4.46040845,0.184976265,1,1,000001,000001
1723808239905,3,20,0.0959580099999999,0.0333058597359937,0,0,000001,000001
1723808239905,2,11,1.5053009427272726,0.313467653511315,1,1,000001,000001
1723808239905,2,2,3.9112871,0.245367065,0,0,000001,000001
1723808240106,3,2,4.41900805,0.204026396,1,1,000001,000001
1723808240106,2,11,1.499110967272727,0.0627543960022241,1,1,000001,000001
1723808240106,2,2,3.89253845,0.070746735,0,0,000001,000001
1723808240106,3,20,0.1406257599999999,0.1615311816574025,0,0,000001,000001
1723808240295,3,20,0.1196340449999999,0.0171963449684772,0,0,000001,000001
1723808240295,3,2,4.375602499999999,0.27553964895,1,1,000001,000001
1723808240508,2,11,1.3975354554545454,0.2477728268067694,1,1,000001,000001
1723808240508,2,2,4.025237499999999,0.4296867,0,0,000001,000001
1723808240508,3,2,4.32186055,0.2199390689499999,1,1,000001,000001
1723808240508,3,20,0.1214027099999998,0.0336199273465475,0,0,000001,000001
1723808240600,2,10,1.3536734310000005,0.0204659770024464,1,1,000001,000001
1723808240600,2,2,4.07253775,0.41627553,0,0,000001,000001
1723808240600,3,2,4.33156995,0.17255972537,1,1,000001,000001
1723808240600,3,20,0.1214027149999999,0.0180967002036516,0,0,000001,000001
1723808240817,2,10,1.2275244500000002,0.3391535527624464,1,1,000001,000001
1723808240817,2,2,4.1204656,0.246278975,0,0,000001,000001
1723808241000,2,2,3.99556335,0.4394313749999999,0,0,000001,000001
1723808241000,2,10,1.2521140000000002,0.0691121989024464,1,1,000001,000001
1723808241000,3,1,5.3140287,0.22260301,1,1,000001,000001
1723808241000,3,20,0.1479991699999999,0.0998472449814598,0,0,000001,000001
1723808241097,2,10,1.252575468,0.0055467526575534,1,1,000001,000001
1723808241097,2,2,3.9252433,0.5916107599999999,0,0,000001,000001
1723808241314,2,10,1.255266795,0.0295966656975535,1,1,000001,000001
1723808241314,2,2,3.8986415,0.23211076,0,0,000001,000001
1723808241314,3,1,5.1510983,0.40911055,1,1,000001,000001
1723808241314,3,20,0.1411786269999999,0.0208662599814598,0,0,000001,000001
1723808241494,3,1,5.1135774,0.31945425,1,1,000001,000001
1723808241494,3,20,0.1675194264999999,0.1250723149600255,0,0,000001,000001
1723808241494,2,10,1.241382027,0.0879157073024465,1,1,000001,000001
1723808241494,2,3,3.108251266666666,0.1707265866666666,0,0,000001,000001
1723808241710,3,1,5.113578,0.07148018,1,1,000001,000001
1723808241710,3,20,0.1816137399999999,0.0889282624600254,0,0,000001,000001
1723808241808,2,3,3.0642211333333336,0.1959221136666666,0,0,000001,000001
1723808241808,2,10,1.167446085,0.3177183044024464,1,1,000001,000001
1723808241808,3,1,4.9991083,0.4260222,1,1,000001,000001
1723808241808,3,20,0.1651781119999999,0.0122879153600255,0,0,000001,000001
1723808242000,2,10,1.208041244,0.0564836579024464,1,1,000001,000001
1723808242000,2,3,2.9766090333333337,0.6329942733333334,0,0,000001,000001
1723808242104,2,10,1.176368549,0.1075910082024464,1,1,000001,000001
1723808242104,2,3,3.0013140466666663,0.3920833083333333,0,0,000001,000001
1723808242104,3,1,4.8195777,0.5997774,1,1,000001,000001
1723808242104,3,20,0.1964564649999998,0.0500703374600254,0,0,000001,000001
1723808242306,3,1,4.819578,0.25297165,1,1,000001,000001
1723808242306,3,20,0.1671943099999999,0.1018058590399744,0,0,000001,000001
1723808242306,2,10,1.164366268,0.0288451661024464,1,1,000001,000001
1723808242306,2,2,1.2225035,0.19323967,0,0,000001,000001
1723808242512,3,20,0.1904561319999999,0.0189555744600255,0,0,000001,000001
1723808242512,3,1,4.6938396,0.41027796,1,1,000001,000001
1723808242512,2,2,1.20268113,0.049834266,0,0,000001,000001
1723808242512,2,10,1.133354524,0.1169669517024465,1,1,000001,000001
1723808242702,3,1,4.6938396,0.18772076,1,1,000001,000001
1723808242702,3,20,0.1801331344999999,0.0232274784399744,0,0,000001,000001
1723808242804,3,2,5.516421,0.415847125,1,1,000001,000001
1723808242804,3,20,0.1742896669999999,0.0499206466199745,0,0,000001,000001
1723808242804,2,10,1.197205514,0.0582625541075535,1,1,000001,000001
1723808242804,2,2,1.055542275,0.368975605,0,0,000001,000001
1723808243005,2,10,1.252463228,0.2102825884925535,1,1,000001,000001
1723808243005,2,2,1.042431275,0.1412006885,0,0,000001,000001
1723808243005,3,2,5.5138955,0.18521569,1,1,000001,000001
1723808243005,3,20,0.0876118336999999,0.3721821607899744,0,0,000001,000001
1723808243106,3,21,0.0552089614285713,0.3424523524285471,0,0,000001,000001
1723808243106,3,2,5.4863205,0.157218695,1,1,000001,000001
1723808243306,2,10,1.1424536609999998,0.3167100744639465,1,1,000001,000001
1723808243306,2,2,0.95338945,0.3175207765,0,0,000001,000001
1723808243407,2,10,1.1104281310000002,0.3193120588984465,1,1,000001,000001
1723808243407,2,2,0.9068777,0.4229838828,0,0,000001,000001
1723808243407,3,2,5.376014,0.39589334,1,1,000001,000001
1723808243407,3,21,0.0758128257142856,0.0465689249285957,0,0,000001,000001
1723808243498,2,10,1.1608872150000002,0.0461081322094465,1,1,000001,000001
1723808243498,2,2,0.81945825,0.6532855834000001,0,0,000001,000001
1723808243498,3,2,5.340006600000001,0.462246475,1,1,000001,000001
1723808243498,3,21,0.0928063352380951,0.1136984255728814,0,0,000001,000001
1723808243596,3,21,0.0734386923809523,0.0402571285985957,0,0,000001,000001
1723808243596,3,2,5.3216772,0.42414521,1,1,000001,000001
1723808243810,2,9,0.971483851111111,0.3565455399027183,1,1,000001,000001
1723808243810,2,2,1.02718328,0.17429796005,0,0,000001,000001
1723808243810,3,2,5.2024101,0.4551790149999999,1,1,000001,000001
1723808243810,3,21,0.0555688590476189,0.0874889528465947,0,0,000001,000001
1723808244005,3,2,5.1243092,0.72312579,1,1,000001,000001
1723808244005,3,21,0.0384039204761904,0.1071049720114042,0,0,000001,000001
1723808244005,2,9,0.8671038277777777,0.480816102887496,1,1,000001,000001
1723808244005,2,2,1.0263149,0.003790917533,0,0,000001,000001
1723808244302,3,2,4.89987865,0.63302824,1,1,000001,000001
1723808244302,2,9,0.7957787633333333,0.2708311021404961,1,1,000001,000001
1723808244302,2,2,1.0112799,0.0736614959774999,0,0,000001,000001
1723808244302,3,21,0.0364766642857142,0.000529876628548,0,0,000001,000001
1723808244513,2,1,0.5784934,0.1430805,0,0,000001,000001
1723808244513,2,8,0.7692121999999999,0.2616434899530581,1,1,000001,000001
1723808244699,3,2,4.8278717,0.231192718,1,1,000001,000001
1723808244699,3,21,0.0364766619047619,0.0014333706128866,0,0,000001,000001
1723808244699,2,8,0.70860218125,0.3850891896155581,1,1,000001,000001
1723808244699,2,1,0.8788977,1.0150254,0,0,000001,000001
1723808244795,3,2,4.69275045,0.596127825,1,1,000001,000001
1723808244795,3,21,0.0364766619047619,0.0003343824458066,0,0,000001,000001
1723808245012,2,8,0.8411588000000001,0.4461003126356919,1,1,000001,000002
1723808245012,2,2,3.96908707,0.105977395,0,0,000001,000002
1723808245012,3,2,4.5728152,0.67755487,1,1,000001,000002
1723808245012,3,21,0.0364766642857142,0.0003089702597928,0,0,000001,000002
1723808245104,3,2,4.59203735,0.3760084099999999,1,1,000002,000002
1723808245104,3,21,0.0364766642857142,0.0002068285092608,0,0,000002,000002
1723808245104,2,7,0.6269309857142857,0.5504551619393622,1,1,000002,000002
1723808245104,2,2,3.679317995,1.296428032,0,0,000002,000002
1723808245504,3,3,4.757713566666666,0.21402468,1,1,000002,000002
1723808245504,3,21,0.0364766571428571,1.578603133371619e-05,0,0,000002,000002
1723808245612,2,2,4.16255735,0.429012885,0,0,000002,000002
1723808245612,2,9,0.5817290822222222,0.1820043243916071,1,1,000002,000002
1723808245801,2,9,0.4891647522222222,0.5155620362218295,1,1,000002,000002
1723808245801,2,2,4.3177115,0.613727835,0,0,000002,000002
1723808245801,3,4,3.7105333,0.1983303725,1,1,000002,000002
1723808245801,3,21,0.0465460699999999,0.032010077863077,0,0,000002,000002
1723808246001,3,4,3.7458307675,0.0124667219999999,1,1,000002,000002
1723808246001,3,20,0.001,0.0211938633901932,0,0,000002,000002
1723808246001,2,9,0.5277659399999999,0.0422932585629483,1,1,000002,000002
1723808246001,2,2,4.40505365,0.484881385,0,0,000002,000002
1723808246110,2,9,0.5703005488888888,0.2007960737202594,1,1,000002,000002
1723808246110,2,2,4.3894274,0.167347585,0,0,000002,000002
1723808246300,2,2,4.3785859,0.1080173155,0,0,000002,000002
1723808246300,3,20,0.0270426725,0.0520005466022101,0,0,000002,000002
1723808246300,3,4,3.7145609,0.0607305682499999,1,1,000002,000002
1723808246300,2,9,0.5244137411111112,0.0291046329773849,1,1,000002,000002
1723808246502,3,4,3.7042704,0.098961065,1,1,000002,000002
1723808246502,3,20,0.001,0.0853762928319078,0,0,000002,000002
1723808246502,2,9,0.5563291333333333,0.0247998477997983,1,1,000002,000002
1723808246502,2,2,4.48311675,0.322304123,0,0,000002,000002
1723808246612,2,9,0.5775846666666666,0.1325164511423172,1,1,000002,000002
1723808246612,2,2,4.48311675,0.2906669795,0,0,000002,000002
1723808246612,3,4,3.715226925,0.03352457625,1,1,000002,000002
1723808246612,3,20,0.001,0.0454934637270018,0,0,000002,000002
1723808246728,3,4,3.7034175,0.0090481049999999,1,1,000002,000002
1723808246728,3,20,0.001,0.0226537012211678,0,0,000002,000002
1723808246728,2,8,0.6488264075000001,0.3199979179102569,1,1,000002,000002
1723808246728,2,2,4.54467595,0.3399454928,0,0,000002,000002
1723808246878,3,20,0.013887972,0.046572519053095,0,0,000002,000002
1723808246878,3,4,3.69648105,0.056468,1,1,000002,000002
1723808246996,2,8,0.5519220325,0.235772505518133,1,1,000002,000002
1723808246996,2,2,4.7042658,0.5912196670000001,0,0,000002,000002
1723808247115,3,4,3.682937075,0.0074991149999999,1,1,000002,000002
1723808247115,3,20,0.0543422979999999,0.1680608277679537,0,0,000002,000002
1723808247301,3,4,3.687233725000001,0.0115818034999999,1,1,000002,000002
1723808247301,3,20,0.0917840399999999,0.2143994044556604,0,0,000002,000002
1723808247301,2,8,0.5271322387499999,0.0906680628245517,1,1,000002,000002
1723808247301,2,2,4.7689121,0.3110962763095,0,0,000002,000002
1723808247489,2,8,0.4633399574999999,0.3852875512240453,1,1,000002,000002
1723808247489,2,2,4.8040994,0.1823016,0,0,000002,000002
1723808247612,3,4,3.644533375,0.155965435,1,1,000002,000002
1723808247612,3,20,0.1510856199999999,0.1974179274175641,0,0,000002,000002
1723808247798,2,2,4.751455699999999,0.229514825,0,0,000002,000002
1723808247798,2,8,0.4929824412499999,0.0364421927059546,1,1,000002,000002
1723808247798,3,20,0.2632420950000002,0.518717830424454,0,0,000002,000002
1723808247798,3,4,3.662521975,0.0052550245,1,1,000002,000002
1723808248017,3,4,3.610082625,0.1572025524999999,1,1,000002,000002
1723808248017,3,20,0.3641093710000002,0.4766423016404767,0,0,000002,000002
1723808248114,3,4,3.5799465,0.2511794825,1,1,000002,000002
1723808248114,3,20,0.3986823340000002,0.4191595739410295,0,0,000002,000002
1723808248114,2,8,0.4314946624999999,0.0031950969559546,1,1,000002,000002
1723808248114,2,2,4.7338266,0.0410122,0,0,000002,000002
1723808248296,3,4,3.575556275,0.1487875874999999,1,1,000002,000002
1723808248296,3,20,0.4973583334999998,0.5012784475222465,0,0,000002,000002
1723808248296,2,8,0.52184374,0.3477573618309546,1,1,000002,000002
1723808248296,2,2,4.7585227,0.09458238,0,0,000002,000002
1723808248613,2,8,0.5046142825000001,0.0013640389190453,1,1,000002,000002
1723808248613,2,2,4.7489314,0.0219531515,0,0,000002,000002
1723808248613,3,4,3.516768975,0.15573012085,1,1,000002,000002
1723808248613,3,20,0.6643997584999997,0.5038559567444159,0,0,000002,000002
1723808248797,3,4,3.4568643,0.2866399624999999,1,1,000002,000002
1723808248797,3,20,0.7357725359999997,0.4362709661710904,0,0,000002,000002
1723808248797,2,8,0.52630693875,0.0816979873559546,1,1,000002,000002
1723808248797,2,2,4.756630899999999,0.01920060685,0,0,000002,000002
1723808248989,2,9,0.3791875988888888,0.5121145859724848,1,1,000002,000002
1723808248989,2,2,4.7600437,0.0232760994,0,0,000002,000002
1723808249118,3,4,3.409361,0.17478640175,1,1,000002,000002
1723808249118,3,20,1.0379752350000009,0.8341876265780919,0,0,000002,000002
1723808249302,3,4,3.3880339750000004,0.139344004,1,1,000002,000002
1723808249302,3,20,1.1380459550000006,0.6887537725172079,0,0,000002,000002
1723808249302,2,9,0.4309365722222222,0.1656052873241819,1,1,000002,000002
1723808249302,2,2,4.7586999,0.0080440275899999,0,0,000002,000002
1723808249395,2,2,4.75491,0.00999944396,0,0,000002,000002
1723808249395,3,20,1.178817837500001,0.5967317167977494,0,0,000002,000002
1723808249395,3,4,3.3451083500000003,0.236020514,1,1,000002,000002
1723808249395,2,9,0.4438352888888888,0.2669636283130707,1,1,000002,000002
1723808249489,2,9,0.4523265711111111,0.258309372143135,1,1,000002,000002
1723808249489,2,2,4.7544011,0.006002645125,0,0,000002,000002
1723808249709,2,9,0.42403335,0.0319610902583205,1,1,000002,000002
1723808249709,2,2,4.7684262,0.0540830972125,0,0,000002,000002
1723808249709,3,4,3.1533676,0.62614640375,1,1,000002,000002
1723808249709,3,21,1.2479078738095244,0.2811797502366452,0,0,000002,000002
1723808249802,3,21,1.2851768719047625,0.3585452023838738,0,0,000002,000002
1723808249802,2,9,0.4332887299999999,0.0495463984153649,1,1,000002,000002
1723808249802,2,2,4.7684262,0.038569450222,0,0,000002,000002
1723808249802,3,4,3.0900632750000003,0.7634940025,1,1,000002,000002
1723808249988,3,21,1.3609329857142864,0.4478337638763323,0,0,000002,000002
1723808249988,3,4,3.0217964,0.5897121825,1,1,000002,000002
1723808250105,2,9,0.4963984233333333,0.2289742470264717,1,1,000002,000002
1723808250105,2,1,2.1745317,0.0037201983,0,0,000002,000002
1723808250207,2,9,0.4127345144444444,0.0122471225121047,1,1,000002,000002
1723808250207,2,1,2.1745317,0.005112531,0,0,000002,000002
1723808250207,3,4,2.847173325,0.5987471685,1,1,000002,000002
1723808250207,3,21,1.4491193390476196,0.3665082370326646,0,0,000002,000002
1723808250402,3,21,1.502079504761905,0.342321593508855,0,0,000002,000002
1723808250402,3,4,2.701674525,0.722016144,1,1,000002,000002
1723808250502,3,21,1.4832251914285717,0.1641344633811868,0,0,000002,000002
1723808250502,2,9,0.4364244966666666,0.0956295969859016,1,1,000002,000002
1723808250502,3,4,2.643195575,0.7865588265000001,1,1,000002,000002
1723808250502,2,1,2.1525624,0.02454684,0,0,000002,000002
1723808250600,2,9,0.4705528188888889,0.0009900114571822,1,1,000002,000002
1723808250600,2,1,2.1525626,0.044109732,0,0,000002,000002
1723808250816,3,21,1.58599181047619,0.2783761325669011,0,0,000002,000002
1723808250816,3,4,2.47859435,0.4895062525,1,1,000002,000002
1723808251002,3,4,2.4006796500000003,0.48351072125,1,1,000002,000002
1723808251002,3,21,1.622787817619047,0.2532571361635432,0,0,000002,000002
1723808251002,2,8,0.3812579662499999,0.0378553691238257,1,1,000002,000002
1723808251002,2,1,2.1525626,0.00011869008,0,0,000002,000002
1723808251095,3,4,2.235209175,1.0330404775,1,1,000002,000002
1723808251095,3,21,1.6662434109523798,0.3121314456987813,0,0,000002,000002
1723808251095,2,8,0.35415446,0.0901935648218786,1,1,000002,000002
1723808251095,2,1,2.1525626,0.0018178949,0,0,000002,000002
1723808251314,2,8,0.4495206812499999,0.3236056031560793,1,1,000002,000002
1723808251314,2,2,4.5988138,0.08594136392,0,0,000002,000002
1723808251503,3,4,2.142630865,0.2137610217499999,1,1,000002,000002
1723808251503,3,20,1.894405936999999,0.3595589583132204,0,0,000002,000002
1723808251503,2,8,0.4037226674999999,0.076221752354355,1,1,000002,000002
1723808251503,2,2,4.582422,0.049180498035,0,0,000002,000002
1723808251604,3,4,2.1338698,0.141547119,1,1,000002,000002
1723808251604,3,20,1.9319414184999988,0.3941102891711235,0,0,000002,000002
1723808251808,2,8,0.3681248737499999,0.189851174770645,1,1,000002,000002
1723808251808,2,2,4.5909032,0.055169452795,0,0,000002,000002
1723808252001,2,8,0.29252246625,0.3432852123394092,1,1,000002,000002
1723808252001,2,2,4.5173804,0.293039,0,0,000002,000002
1723808252001,3,4,2.03627956,0.22911914705,1,1,000002,000002
1723808252001,3,20,2.080110239999999,0.3820239236198742,0,0,000002,000002
1723808252098,2,8,0.3303585437499999,0.1846994154644092,1,1,000002,000002
1723808252098,2,2,4.5962497,0.01582465,0,0,000002,000002
1723808252098,3,4,2.002641635,0.3082007546,1,1,000002,000002
1723808252098,3,20,2.089248659999999,0.3276998409853591,0,0,000002,000002
1723808252296,2,2,4.5471771,0.103462143,0,0,000002,000002
1723808252296,2,8,0.365990055,0.1707592694105907,1,1,000002,000002
1723808252296,3,18,2.051305755555555,0.3609679263153863,0,0,000002,000002
1723808252296,3,4,1.957276085,0.3167738080999999,1,1,000002,000002
1723808252505,3,4,1.876408965,0.3115095046875,1,1,000002,000002
1723808252505,3,17,1.8445354000000005,0.3201771475745265,0,0,000002,000002
1723808252697,3,4,1.834425215,0.2772308211399999,1,1,000002,000002
1723808252697,3,17,2.014856884117646,0.8325063145745266,0,0,000002,000002
1723808252697,2,8,0.4014672869999999,0.0438602996418407,1,1,000002,000002
1723808252697,2,2,4.569819799999999,0.025111525,0,0,000002,000002
1723808252796,2,8,0.3980606194999999,0.0069978925144092,1,1,000002,000002
1723808252796,2,2,4.60344775,0.0992548599999999,0,0,000002,000002
1723808253005,3,3,2.1177998,0.2138240026666666,1,1,000002,000002
1723808253005,3,17,2.199281139999999,0.4598644476921737,0,0,000002,000002
1723808253108,2,2,4.562371649999999,0.210187125,0,0,000002,000002
1723808253108,2,8,0.35885466125,0.1607755618144092,1,1,000002,000002
1723808253108,3,3,2.0246978,0.4638300866666666,1,1,000002,000002
1723808253108,3,16,2.3888565549999994,0.5152583302595957,0,0,000002,000002
1723808253290,3,3,2.0162887,0.3158638116666667,1,1,000002,000002
1723808253290,3,15,2.635688291999999,0.5466220972082758,0,0,000002,000002
1723808253290,2,8,0.370458755,0.0425662322540342,1,1,000002,000002
1723808253290,2,2,4.516808,0.241828365,0,0,000002,000002
1723808253513,3,3,1.8404333333333331,0.6319299340000001,1,1,000002,000002
1723808253513,3,15,2.735326553333332,0.4232212420149424,0,0,000002,000002
1723808253513,2,8,0.4165745462499999,0.1528026734489657,1,1,000002,000002
1723808253513,2,2,4.5614284000000005,0.052770235,0,0,000002,000002
1723808253694,2,2,4.53023555,0.0954997875,0,0,000002,000002
1723808253694,3,3,1.7723377333333332,0.754566139,1,1,000002,000002
1723808253694,3,15,2.799810851999999,0.3845374213042757,0,0,000002,000002
1723808253694,2,8,0.4213207749999999,0.0695212078017532,1,1,000002,000002
1723808254006,3,15,3.349480293999999,0.248226200214999,0,0,000002,000002
1723808254006,3,3,1.7155024999999997,0.1751774795333333,1,1,000002,000002
1723808254106,3,3,1.7255551999999998,0.0713718633333333,1,1,000002,000002
1723808254106,3,15,3.369498140666666,0.1913657832883323,0,0,000002,000002
1723808254106,2,8,0.38672561375,0.0749407523289717,1,1,000002,000002
1723808254106,2,3,3.9927615666666663,0.0283211166666666,0,0,000002,000002
1723808254505,3,3,1.3964041333333332,0.50414539,1,1,000002,000012
1723808254505,3,14,3.355364810714285,0.2463069145451061,0,0,000002,000012
1723808254505,2,7,0.3164302585714285,0.1799218176015312,1,1,000002,000012
1723808254505,2,3,3.765834,0.6854905096666667,0,0,000002,000012
1723808254806,3,3,1.30000278,0.3054650633333333,1,1,000012,000012
1723808254806,3,12,3.408112608333332,0.2863693769062488,0,0,000012,000012
1723808254994,2,2,1.453771,1.0551854,0,0,000012,000012
1723808254994,2,7,0.3430016714285714,0.0850743096662048,1,1,000012,000012
1723808254994,3,3,1.2643683666666667,0.2556220113333333,1,1,000012,000012
1723808254994,3,12,3.477379458333332,0.3475882525420822,0,0,000012,000012
1723808255100,2,7,0.3293700257142857,0.1112677575728127,1,1,000012,000012
1723808255100,2,2,1.37973945,1.04707573,0,0,000012,000012
1723808255300,3,3,1.1998299,0.204002825,1,1,000012,000012
1723808255300,3,11,3.369438636363636,0.4242436981249987,0,0,000012,000012
1723808255504,2,6,0.1969021533333332,0.0692444561232323,1,1,000012,000012
1723808255504,2,2,1.25176003,0.5735836249999999,0,0,000012,000012
1723808255604,3,11,3.4627934090909083,0.2975989909222714,0,0,000012,000012
1723808255604,2,6,0.1518157783333333,0.1292068020727546,1,1,000012,000012
1723808255604,2,2,1.264875265,0.42494832,0,0,000012,000012
1723808255604,3,3,1.0727212966666666,0.34900062,1,1,000012,000012
1723808255804,2,7,0.5365126785714284,0.0423867388856048,1,1,000012,000012
1723808255804,2,2,1.17006958,0.32116179475,0,0,000012,000012
1723808255804,3,3,1.0138343866666668,0.3260363833333333,1,1,000012,000012
1723808255804,3,11,3.5318477,0.3676251530249987,0,0,000012,000012
1723808255992,2,7,0.471506047142857,0.2290771668970424,1,1,000012,000012
1723808255992,2,2,0.96020973,0.8611576725,0,0,000012,000012
1723808256105,2,7,0.61240852,0.3933671630953904,1,1,000012,000012
1723808256105,2,2,0.89408473,0.88771844865,0,0,000012,000012
1723808256105,3,3,0.9152004266666668,0.3105365066666666,1,1,000012,000012
1723808256105,3,10,3.41681486,0.515396880428803,0,0,000012,000012
1723808256303,3,3,0.8654793133333335,0.3055701433333333,1,1,000012,000012
1723808256303,3,10,3.435658159999999,0.252893330926203,0,0,000012,000012
1723808256303,2,7,0.550018707142857,0.0402310406188954,1,1,000012,000012
1723808256303,2,2,0.71577043,0.757759539484,0,0,000012,000012
1723808256704,3,3,0.7632603066666667,0.2375850833333333,1,1,000012,000012
1723808256704,3,9,3.0514461777777786,0.2364552315362723,0,0,000012,000012
1723808256976,2,2,0.46647116,1.0019116,0,0,000012,000012
1723808256976,2,8,0.5111434550000001,0.1737983774165335,1,1,000012,000012
1723808256976,3,3,0.7347897,0.1410945226666667,1,1,000012,000012
1723808256976,3,9,3.1589276444444447,0.2794380966859498,0,0,000012,000012
1723808257113,3,3,0.7152608166666666,0.0862230399999999,1,1,000012,000012
1723808257113,3,10,3.24980891,0.2241896373173548,0,0,000012,000012
1723808257209,3,3,0.72549011,0.0270626733333333,1,1,000012,000012
1723808257209,3,10,3.2942685899999997,0.2915133810173548,0,0,000012,000012
1723808257209,2,8,0.5828640875000002,0.1814582633459665,1,1,000012,000012
1723808257209,2,2,0.4473325725,0.2821502094999999,0,0,000012,000012
1723808257390,3,3,0.6977892133333334,0.0863105866666666,1,1,000012,000012
1723808257390,3,10,3.362224719999999,0.3943404759173549,0,0,000012,000012
1723808257390,2,8,0.5477238575000002,0.0045232698790334,1,1,000012,000012
1723808257390,2,2,0.4677718025,0.07960112,0,0,000012,000012
1723808257614,2,2,0.4434606025,0.003436533,0,0,000012,000012
1723808257614,2,8,0.5543074000000001,0.0770887436702835,1,1,000012,000012
1723808257614,3,3,0.6750684333333333,0.1106474266666666,1,1,000012,000012
1723808257614,3,10,3.464920529999999,0.4195437414873549,0,0,000012,000012
1723808257796,3,3,0.6414997166666666,0.207026501,1,1,000012,000012
1723808257796,3,10,3.546254029999999,0.4485825441873547,0,0,000012,000012
1723808257796,2,8,0.6327215125000001,0.2097158422550915,1,1,000012,000012
1723808257796,2,2,0.3323807025,0.450264942,0,0,000012,000012
1723808258017,3,3,0.61193778,0.1504392133333333,1,1,000012,000012
1723808258017,3,10,3.6363028499999994,0.3812835090523548,0,0,000012,000012
1723808258109,2,8,0.5489653450000002,0.2544654238894084,1,1,000012,000012
1723808258109,2,2,0.3081545175,0.1760403633499999,0,0,000012,000012
1723808258109,3,3,0.6031330033333333,0.1273803066666666,1,1,000012,000012
1723808258109,3,10,3.672238169999999,0.3784823183364548,0,0,000012,000012
1723808258290,2,8,0.560413825,0.1190481831668585,1,1,000012,000012
1723808258290,2,2,0.2978668025,0.1489287838,0,0,000012,000012
1723808258290,3,10,3.735700769999999,0.3808523064373549,0,0,000012,000012
1723808258290,3,3,0.5739549666666667,0.1458283699999999,1,1,000012,000012
1723808258516,3,3,0.5433940433333334,0.1445587606666666,1,1,000012,000012
1723808258516,3,10,3.803036309999999,0.2877516485795549,0,0,000012,000012
1723808258516,2,7,0.4642291285714285,0.1062857859367331,1,1,000012,000012
1723808258516,2,2,0.2351425525,0.1691914102425,0,0,000012,000012
1723808258697,2,7,0.4358981071428571,0.1473318441649239,1,1,000012,000012
1723808258697,2,2,0.1408137775,0.4001681483149999,0,0,000012,000012
1723808258697,3,3,0.5272006666666665,0.1059356822333333,1,1,000012,000012
1723808258697,3,10,3.846896389999999,0.2668663961738649,0,0,000012,000012
1723808258792,3,3,0.5151088966666667,0.1041434792666666,1,1,000012,000012
1723808258792,3,10,3.884169699999999,0.3049798007859449,0,0,000012,000012
1723808259016,2,1,0.16030054,0.11193362,0,0,000012,000012
1723808259016,2,7,0.3320408585714284,0.3814919129817225,1,1,000012,000012
1723808259016,3,9,3.738624922222221,0.3957794225000277,0,0,000012,000012
1723808259016,3,3,0.4437276366666666,0.2413150133333333,1,1,000012,000012
1723808259110,3,3,0.4149339133333333,0.2755533416666667,1,1,000012,000012
1723808259110,3,9,3.796404033333333,0.486020819023142,0,0,000012,000012
1723808259110,2,7,0.3570229314285714,0.3356207521822125,1,1,000012,000012
1723808259110,2,1,0.16030052,0.010704152,0,0,000012,000012
1723808259290,3,3,0.3827099899999999,0.2428196436666666,1,1,000012,000012
1723808259290,3,8,3.3946413375000004,0.4011672454085523,0,0,000012,000012
1723808259290,2,7,0.3295217814285714,0.2040709704761114,1,1,000012,000012
1723808259290,2,1,0.16030052,0.037814565,0,0,000012,000012
1723808259510,3,3,0.3795687233333333,0.0430070409999999,1,1,000012,000012
1723808259510,3,8,3.478948200000001,0.2852714578592748,0,0,000012,000012
1723808259510,2,7,0.3961298714285713,0.1765598420236183,1,1,000012,000012
1723808259510,2,2,0.25376501,0.3195400878,0,0,000012,000012
1723808259690,2,7,0.3500680285714285,0.0633424737251275,1,1,000012,000012
1723808259690,2,2,0.240438295,0.0618396125,0,0,000012,000012
1723808259690,3,3,0.3594576366666667,0.0716327028666666,1,1,000012,000012
1723808259690,3,8,3.5563086250000007,0.395547973173854,0,0,000012,000012
1723808260006,3,3,0.3457263866666666,0.0493747367,1,1,000012,000012
1723808260006,3,9,3.8727448777777767,0.3410499291358634,0,0,000012,000012
1723808260006,2,7,0.3751983985714285,0.0356674662684627,1,1,000012,000012
1723808260006,2,2,0.224466235,0.159333220175,0,0,000012,000012
1723808260100,2,7,0.3428363914285714,0.1165359832458229,1,1,000012,000012
1723808260100,3,3,0.3457263733333333,0.0233978863333333,1,1,000012,000012
1723808260100,3,9,3.916525299999999,0.3849306927743386,0,0,000012,000012
1723808260100,2,2,0.26164469,0.05837827251,0,0,000012,000012
1723808260409,3,9,3.932039788888888,0.0761220719111529,0,0,000012,000022
1723808260409,3,2,0.3089768499999999,0.006208447,1,1,000012,000022
1723808260506,2,3,0.2559514433333333,0.4231308442763333,0,0,000022,000022
1723808260506,2,6,0.3249538549999999,0.1145696169298732,1,1,000022,000022
1723808260506,3,2,0.3089768499999999,0.00430372165,1,1,000022,000022
1723808260506,3,9,3.9423929222222207,0.0498420675778196,0,0,000022,000022
1723808260696,2,6,0.2764120266666666,0.0882139364034601,1,1,000022,000022
1723808260696,2,3,0.6408775333333333,0.29543062,0,0,000022,000022
1723808260800,2,6,0.2764120433333332,0.1380437864034601,1,1,000022,000022
1723808260800,2,3,0.6503996466666666,0.0490562,0,0,000022,000022
1723808260800,3,2,0.30897681,0.000254147005,1,1,000022,000022
1723808260800,3,9,3.973623188888888,0.1067842641333752,0,0,000022,000022
1723808261004,3,2,0.30897681,0.000242937115,1,1,000022,000022
1723808261004,3,9,3.99277771111111,0.1352459212111529,0,0,000022,000022
1723808261004,2,6,0.2585133266666666,0.0974370229750135,1,1,000022,000022
1723808261004,2,3,0.7606048799999999,0.6015319803333333,0,0,000022,000022
1723808261108,2,3,0.6916979566666667,0.1833052633333333,0,0,000022,000022
1723808261108,2,6,0.2959423216666665,0.0662489585249864,1,1,000022,000022
1723808261297,2,6,0.2750370166666666,0.0089693818583198,1,1,000022,000022
1723808261297,2,4,0.78525151,0.0056313532499999,0,0,000022,000022
1723808261297,3,3,0.4771957266666666,4.609870353333333e-06,1,1,000022,000022
1723808261297,3,9,3.998376688888888,0.0124549125532914,0,0,000022,000022
1723808261396,3,3,0.4771957266666666,9.549897353333334e-06,1,1,000022,000022
1723808261396,3,9,4.018830744444443,0.0242035395489307,0,0,000022,000022
1723808261614,2,6,0.3046003666666666,0.1507827193583198,1,1,000022,000022
1723808261614,2,4,1.07673545,0.550857274,0,0,000022,000022
1723808261614,3,2,0.42090685,0.341666633,1,1,000022,000022
1723808261614,3,9,4.04760771111111,0.1286744511370418,0,0,000022,000022
1723808261797,3,10,4.164740029999999,0.0991106463445376,0,0,000022,000022
1723808261797,3,2,0.476936435,0.143471375,1,1,000022,000022
1723808261797,2,6,0.2820811666666666,0.0012776074750135,1,1,000022,000022
1723808261797,2,4,1.1465294425,0.3742532905,0,0,000022,000022
1723808262012,3,2,0.5992071800000001,0.505642505,1,1,000022,000022
1723808262012,3,8,3.4583828250000006,0.170444710150047,0,0,000022,000022
1723808262109,3,2,0.60224733,0.3869913375,1,1,000022,000022
1723808262109,3,8,3.4722740750000005,0.214327753400047,0,0,000022,000022
1723808262109,2,6,0.2731402499999999,0.0406946238316801,1,1,000022,000022
1723808262109,2,4,1.21521008,0.2555507325,0,0,000022,000022
1723808262295,2,6,0.2815618833333332,0.0066392910916531,1,1,000022,000022
1723808262295,2,4,1.3585691224999998,0.626636425175,0,0,000022,000022
1723808262705,3,10,3.78024016,0.2694103301200376,0,0,000022,000022
1723808262705,2,4,1.56821374,0.55780965275,0,0,000022,000022
1723808262705,3,2,0.6118823,0.03755195068,1,1,000022,000022
1723808262705,2,6,0.2652343366666665,0.0615151968083468,1,1,000022,000022
1723808262798,3,2,0.6178127,0.013902888065,1,1,000022,000022
1723808262798,3,10,3.79161034,0.2840447899601676,0,0,000022,000022
1723808262798,2,6,0.2652343366666665,0.0043914193083468,1,1,000022,000022
1723808262798,2,4,1.803891215,1.2536846475,0,0,000022,000022
1723808263016,3,2,0.6068411499999999,0.027972832185,1,1,000022,000022
1723808263016,3,11,4.643473154545454,0.1665113378500451,0,0,000022,000022
1723808263108,3,11,4.667163145454546,0.165376739968227,0,0,000022,000022
1723808263108,3,2,0.606898985,0.02128219376,1,1,000022,000022
1723808263298,3,11,4.702362990909091,0.1909781634227724,0,0,000022,000022
1723808263298,2,6,0.1961655949999999,0.1189111998083468,1,1,000022,000022
1723808263298,3,1,0.49634674,0.10358812,1,1,000022,000022
1723808263298,2,3,1.2125199666666668,0.7848876446666667,0,0,000022,000022
1723808263518,3,11,4.715495954545454,0.092549990608227,0,0,000022,000022
1723808263518,3,1,0.4704494,0.12764166,1,1,000022,000022
1723808263708,2,6,0.2299752666666666,0.0434391001916531,1,1,000022,000022
1723808263708,2,3,0.9582335753333334,0.7750966966666666,0,0,000022,000022
1723808263708,3,1,0.44625866,0.14346336,1,1,000022,000022
1723808263708,3,11,4.7072759818181815,0.0319323626863184,0,0,000022,000022
1723808263800,2,3,1.102248076666667,0.3180945616666666,0,0,000022,000022
1723808263800,2,6,0.2688614233333333,0.1949754651916531,1,1,000022,000022
1723808263800,3,11,4.749984463636363,0.1497013092273179,0,0,000022,000022
1723808263800,3,1,0.44686761,0.105717905,1,1,000022,000022
1723808263990,2,6,0.2186904266666666,0.0538905998083468,1,1,000022,000022
1723808263990,2,3,0.9555032236666668,0.4780449966666666,0,0,000022,000022
1723808264110,3,1,0.4178384,0.12083269,1,1,000022,010022
1723808264110,3,13,4.647655153846154,0.2639651705633459,0,0,000022,010022
1723808264210,3,1,0.40436238,0.07283735,1,1,010022,010022
1723808264210,3,13,4.675029423076922,0.344218274128735,0,0,010022,010022
1723808264210,2,6,0.2121705233333332,0.1545806131416801,1,1,010022,010022
1723808264210,2,3,1.1483862666666669,0.3450233423333333,0,0,010022,010022
1723808264394,3,1,0.37557846,0.09308559,1,1,010022,010022
1723808264394,3,13,4.553126846153845,0.2785605842112734,0,0,010022,010022
1723808264394,2,6,0.2150403099999999,0.0546939148083468,1,1,010022,010022
1723808264394,2,3,1.15621586,0.0747680599999999,0,0,010022,010022
1723808264503,3,13,4.613418246153845,0.3175291932112734,0,0,010022,010022
1723808264503,3,1,0.38287824,0.048797656,1,1,010022,010022
1723808264503,2,6,0.2237886183333333,0.0043259214750135,1,1,010022,010022
1723808264503,2,3,1.2389951333333336,0.4017784299999999,0,0,010022,010022
1723808264708,3,1,0.35212538,0.12080469,1,1,010022,010022
1723808264708,3,13,4.633313784615384,0.1929950023651195,0,0,010022,010022
1723808264708,2,6,0.2214275483333333,0.0107506135249864,1,1,010022,010022
1723808264708,2,3,1.1762137666666668,0.0251274905,0,0,010022,010022
1723808264798,3,1,0.3625991,0.08641109,1,1,010022,010022
1723808264798,3,13,4.647694053846154,0.1609167917497349,0,0,010022,010022
1723808264798,2,6,0.2214275483333333,0.0171509849750135,1,1,010022,010022
1723808264798,2,3,1.0358894133333332,0.3572043633333333,0,0,010022,010022
1723808265016,3,1,0.31350026,0.16878104,1,1,010022,010022
1723808265016,3,13,4.670398707692307,0.0945599519912734,0,0,010022,010022
1723808265114,2,3,1.0947525666666666,0.1254020466666666,0,0,010022,010022
1723808265114,2,6,0.2388311599999999,0.1533173735249864,1,1,010022,010022
1723808265114,3,13,4.679758776923077,0.1117470027189657,0,0,010022,010022
1723808265114,3,1,0.30385268,0.14501902,1,1,010022,010022
1723808265296,3,1,0.3128543,0.014445037,1,1,010022,010022
1723808265296,3,13,4.7154850538461535,0.1837209722958888,0,0,010022,010022
1723808265296,2,6,0.2215433699999999,0.0425333435249864,1,1,010022,010022
1723808265296,2,3,1.1965552,0.4676453866666666,0,0,010022,010022
1723808265514,3,1,0.1609742,0.46732217,1,1,010022,010022
1723808265514,3,13,4.8023583,0.3563313345958888,0,0,010022,010022
1723808265611,3,1,0.14098884,0.48040986,1,1,010022,010022
1723808265611,3,13,4.831203023076923,0.3708779978481965,0,0,010022,010022
1723808265611,2,6,0.1934574666666666,0.1181887082250135,1,1,010022,010022
1723808265611,2,4,1.184135075,0.0743449969999999,0,0,010022,010022
1723808265794,2,4,1.11603191,0.232062276,0,0,010022,010022
1723808265794,2,6,0.2248457583333332,0.0839304952916531,1,1,010022,010022
1723808265794,3,1,0.14098884,0.18984891,1,1,010022,010022
1723808265794,3,12,4.791711775,0.1793649825734629,0,0,010022,010022
1723808265888,3,1,0.14098884,0.073446244,1,1,010022,010022
1723808265888,3,12,4.796204208333333,0.0984942914412961,0,0,010022,010022
1723808265888,2,6,0.2465393833333332,0.1513696435249864,1,1,010022,010022
1723808265888,2,4,1.0604420175,0.4608546175,0,0,010022,010022
1723808266114,3,1,0.14098883,0.023231365,1,1,010022,010022
1723808266114,3,12,4.820875691666665,0.0874409995738795,0,0,010022,010022
1723808266114,2,6,0.2260268749999999,0.0483588409750135,1,1,010022,010022
1723808266114,2,4,1.11115415,0.09635870875,0,0,010022,010022
1723808266296,2,4,1.084141585,0.02038558875,0,0,010022,010022
1723808266296,3,1,0.14098884,0.010633414,1,1,010022,010022
1723808266296,3,11,4.52631359090909,0.1240710695769594,0,0,010022,010022
1723808266296,2,6,0.3072033999999999,0.3382648047416532,1,1,010022,010022
1723808266392,2,4,1.056699485,0.14423405475,0,0,010022,010022
1723808266392,2,6,0.2103056066666666,0.1089422827850135,1,1,010022,010022
1723808266498,2,6,0.2259916666666666,0.1796268469816802,1,1,010022,010022
1723808266498,2,5,0.992247196,0.20001751608,0,0,010022,010022
1723808266699,3,1,0.14098884,0.0009274984,1,1,010022,010022
1723808266699,3,11,4.603819509090909,0.2458428305133231,0,0,010022,010022
1723808266802,3,1,0.14098884,0.00060300063,1,1,010022,010022
1723808266802,3,11,4.606030309090908,0.1710049615496867,0,0,010022,010022
1723808266802,2,6,0.2422434599999999,0.0148753297694864,1,1,010022,010022
1723808266802,2,5,0.98762021,0.0517384569494219,0,0,010022,010022
1723808267102,2,5,0.1317486259999999,0.0722874757700162,1,1,010022,020022
1723808267102,2,6,1.208995788333333,0.0244069261228333,0,0,010022,020022
1723808267102,3,1,0.14098884,4.690299e-05,1,1,010022,020022
1723808267102,3,11,4.965204754545454,0.1886234579360504,0,0,010022,020022
1723808267290,3,11,4.993593318181817,0.1841550076842322,0,0,020022,020022
1723808267290,3,1,0.14098884,3.2900407e-05,1,1,020022,020022
1723808267510,2,5,0.1481990799999999,0.0729376802299837,1,1,020022,020022
1723808267510,2,7,1.4918878400000004,0.804665526402857,0,0,020022,020022
1723808267510,3,0,0.0,0.0,1,1,020022,020022
1723808267510,3,11,4.979712036363636,0.0018980311453132,0,0,020022,020022
1723808267908,3,0,0.0,0.0,1,1,020022,020022
1723808267908,3,10,4.90106178,0.1083948652576554,0,0,020022,020022
1723808267908,2,5,0.0617810399999999,0.1496648657700162,1,1,020022,020022
1723808267908,2,8,2.3219321475,0.2588834429,0,0,020022,020022
1723808268005,3,10,4.903973379999999,0.0873301442106554,0,0,020022,020022
1723808268005,2,5,0.18785287,0.2986862202299837,1,1,020022,020022
1723808268005,2,8,2.403031935,0.3305003414125,0,0,020022,020022
1723808268005,3,1,1.243838,0.0,1,1,020022,020022
1723808268091,2,8,2.41860328,0.3134584070624999,0,0,020022,020022
1723808268091,2,5,0.18785288,0.3775742602299837,1,1,020022,020022
1723808268091,3,1,1.119182,0.44015965,1,1,020022,020022
1723808268091,3,10,4.91383504,0.0894204719079554,0,0,020022,020022
1723808268316,2,5,0.099554526,0.2390829797700162,1,1,020022,020022
1723808268316,2,7,2.49765145,0.4881037870885715,0,0,020022,020022
1723808268499,2,5,0.1190763199999999,0.1831213997700162,1,1,020022,020022
1723808268499,2,6,2.9310919116666674,0.267368009859,0,0,020022,020022
1723808268499,3,1,1.3322632,0.4247454,1,1,020022,020022
1723808268499,3,9,4.521868433333332,0.1077836091940616,0,0,020022,020022
1723808268592,3,1,1.3697745,0.5749695,1,1,020022,020022
1723808268592,3,9,4.480261755555555,0.0459116728837161,0,0,020022,020022
1723808268592,2,5,0.1190763199999999,0.1357952197700162,1,1,020022,020022
1723808268592,2,6,2.9467011166666666,0.1725796576773333,0,0,020022,020022
1723808268796,2,5,0.1190763339999999,0.0060070095700162,1,1,020022,020022
1723808268796,2,5,2.8102649800000004,1.5945284699999998,0,0,020022,020022
1723808268796,3,10,4.63445688,0.0191147698716554,0,0,020022,020022
1723808268796,3,1,1.2106439,0.3128361,1,1,020022,020022
1723808269108,3,3,1.090830346666667,0.3992457733333334,1,1,020022,020022
1723808269108,3,11,4.644994245454544,0.0260822267677402,0,0,020022,020022
1723808269301,3,3,1.0371297466666665,0.0527069792897199,1,1,020022,020022
1723808269301,3,10,4.503989099999999,0.0651562591574856,0,0,020022,020022
1723808269301,2,5,0.0588503279999999,0.1667123797700162,1,1,020022,020022
1723808269301,2,4,2.3988558,0.927685035,0,0,020022,020022
1723808269800,3,3,0.9686272433333332,0.0545672963944203,1,1,020022,020022
1723808269800,3,11,4.582838545454544,0.1543780249068051,0,0,020022,020022
1723808269800,2,5,0.058850352,0.0088589886299837,1,1,020022,020022
1723808269800,2,4,2.6086616,0.4120818995,0,0,020022,020022
1723808270116,2,5,0.058850364,0.0002260337100162,1,1,020022,020022
1723808270116,2,4,4.0435167750000005,1.1784892125,0,0,020022,020022
1723808270302,3,11,4.560804399999999,0.0732669877386494,0,0,020022,020022
1723808270302,3,4,1.1331547299999998,0.392166345,1,1,020022,020022
1723808270302,2,5,0.058850364,0.0004474425300162,1,1,020022,020022
1723808270302,2,4,4.022919575,0.44551678,0,0,020022,020022
1723808270493,3,4,1.2425442625,0.46589367325,1,1,020022,020022
1723808270493,3,11,4.556761554545454,0.054884081385013,0,0,020022,020022
1723808270714,2,4,0.001,2.874797225e-10,1,1,020022,020022
1723808270714,2,3,4.0183721,0.9584732,0,0,020022,020022
1723808270810,2,4,0.001,2.874797225e-10,1,1,020022,020022
1723808270810,2,3,4.034267333333333,0.7927806233333333,0,0,020022,020022
1723808270810,3,4,1.243831375,0.10118982425,1,1,020022,020022
1723808270810,3,11,4.546259754545454,0.0113734276981687,0,0,020022,020022
1723808270995,2,4,0.001,2.874797225e-10,1,1,020022,020022
1723808270995,2,3,4.078361233333333,0.3892566666666667,0,0,020022,020022
1723808270995,3,4,1.285853275,0.2207471935,1,1,020022,020022
1723808270995,3,11,4.487621263636363,0.223960731446013,0,0,020022,020022
1723808271097,3,11,4.481895245454544,0.2433085581471402,0,0,020022,020022
1723808271097,3,4,1.3033564075,0.28346444375,1,1,020022,020022
1723808271204,3,4,1.327924955,0.3061870375,1,1,020022,020022
1723808271204,3,11,4.476394018181818,0.1935502209353349,0,0,020022,020022
1723808271204,2,4,0.001,2.874797225e-10,1,1,020022,020022
1723808271204,2,3,4.1514126,0.2936403533333333,0,0,020022,020022
1723808271391,3,5,1.25493832,0.423099612,1,1,020022,020022
1723808271391,3,11,4.445510609090908,0.163252861155563,0,0,020022,020022
1723808271391,2,4,0.001,2.874797225e-10,1,1,020022,020022
1723808271391,2,2,3.1245708,0.095427215,0,0,020022,020022
1723808271488,2,4,0.001,2.874797225e-10,1,1,020022,020022
1723808271488,2,2,3.1489563,0.5436016014999999,0,0,020022,020022
1723808271612,3,5,1.426510828,0.5759222340000001,1,1,020022,020022
1723808271612,3,10,4.121704459999999,0.0891338455856984,0,0,020022,020022
1723808271807,3,12,3.9581989041666654,0.1198252959426594,0,0,020022,020022
1723808271807,3,6,1.269502075,0.0787828233333333,1,1,020022,020022
1723808271807,2,4,0.001,2.874797225e-10,1,1,020022,020022
1723808271807,2,4,2.86128169,0.254914075,0,0,020022,020022
1723808272001,3,6,1.296983125,0.0704149508333333,1,1,020022,020022
1723808272001,3,13,3.979495092307692,0.0237280393757988,0,0,020022,020022
1723808272098,3,6,1.3775545283333337,0.3022251945,1,1,020022,020022
1723808272098,3,13,4.016630273076922,0.1623373638411713,0,0,020022,020022
1723808272298,2,4,0.001,2.874797225e-10,1,1,020022,020022
1723808272298,2,4,2.87294295,0.0183476349999999,0,0,020022,020022
1723808272613,2,4,0.001,2.874797225e-10,1,1,020022,020022
1723808272613,2,4,2.759417925,0.449709616,0,0,020022,020022
1723808272613,3,6,1.58739149,0.4272397936666666,1,1,020022,020022
1723808272613,3,13,4.075975211538461,0.1136005163022929,0,0,020022,020022
1723808272797,2,4,2.792150975,0.2553608968999999,0,0,020022,020022
1723808272797,3,13,4.0961819192307685,0.129554922492293,0,0,020022,020022
1723808272797,2,4,0.001,2.874797225e-10,1,1,020022,020022
1723808272797,3,5,1.841640152,0.5718865280000001,1,1,020022,020022
1723808273014,2,4,0.001,2.874797225e-10,1,1,020022,020022
1723808273014,2,4,2.82145145,0.189643525,0,0,020022,020022
1723808273105,2,4,0.001,2.874797225e-10,1,1,020022,020022
1723808273105,2,4,2.791342575,0.033535162325,0,0,020022,020022
1723808273302,3,6,2.1984845416666663,0.585601925,1,1,020022,020022
1723808273302,3,14,3.860738103571428,0.0588810467274149,0,0,020022,020022
1723808273513,2,4,0.001,2.874797225e-10,1,1,020022,020022
1723808273513,2,3,3.5302435000000005,0.5441649000000001,0,0,020022,020022
1723808273696,2,4,0.001,2.874797225e-10,1,1,020022,020022
1723808273696,2,4,4.070135975,0.12889756,0,0,020022,020022
1723808273813,3,14,3.869554646428572,0.008938086373035,0,0,020022,020022
1723808273813,3,7,2.9897927928571426,0.5552276155714285,1,1,020022,020022
1723808274003,3,7,3.006927964285714,0.2854689953814285,1,1,020022,020022
1723808274003,3,14,3.9130716321428567,0.1110424460992149,0,0,020022,020022
1723808274003,2,4,0.001,2.874797225e-10,1,1,020022,020022
1723808274003,2,3,3.054837633333333,1.0856801176666668,0,0,020022,020022
1723808274096,3,7,3.123197992857143,0.5635724842,1,1,020022,020022
1723808274096,3,14,3.877460610714286,0.0066027417900792,0,0,020022,020022
1723808274096,2,4,0.001,2.874797225e-10,1,1,020022,020022
1723808274096,2,3,3.0548374666666667,1.1131822566666667,0,0,020022,020022
1723808274414,2,4,0.001,2.874797225e-10,1,1,020022,020022
1723808274414,2,4,3.91847115,0.435704725,0,0,020022,020022
1723808274603,3,11,3.867382936363636,0.231700683246381,0,0,020022,020022
1723808274603,3,7,3.4939551385714287,0.5211170203085714,1,1,020022,020022
1723808274603,2,4,0.001,2.874797225e-10,1,1,020022,020022
1723808274603,2,4,4.461453325,0.52079978625,0,0,020022,020022
1723808274801,3,6,4.062648881666667,0.625981075,1,1,020022,020022
1723808274801,3,11,3.873872621818181,0.1137769646245627,0,0,020022,020022
1723808274801,2,4,0.001,2.874797225e-10,1,1,020022,020022
1723808274801,2,5,4.62644066,0.22911805459028,0,0,020022,020022
1723808274990,2,4,0.001,2.874797225e-10,1,1,020022,020022
1723808274990,2,5,4.541698139999999,0.35751558739028,0,0,020022,020022
1723808275114,3,11,3.76408059090909,0.1520916972009264,0,0,020022,020022
1723808275114,3,6,4.36217697,0.8349516766666666,1,1,020022,020022
1723808275302,2,5,4.88242168,0.00416127772572,0,0,020022,020022
1723808275302,2,4,0.001,2.874797225e-10,1,1,020022,020022
1723808275302,3,6,4.431242806666667,0.5161728283333333,1,1,020022,020022
1723808275302,3,11,3.701504536363636,0.2550759381100173,0,0,020022,020022
1723808275488,3,6,4.569066856666667,0.6334102591666666,1,1,020022,020022
1723808275488,3,11,3.673044481818181,0.1951723932918355,0,0,020022,020022
1723808275618,2,4,0.001,2.874797225e-10,1,1,020022,020022
1723808275618,2,5,4.88809686,0.0049337627322799,0,0,020022,020022
1723808275804,2,4,0.001,2.874797225e-10,1,1,020022,020022
1723808275804,2,5,4.868918672,0.13819750669082,0,0,020022,020022
1723808275804,3,6,4.626333821666666,0.1008283008833333,1,1,020022,020022
1723808275804,3,11,3.624415336363636,0.0722808026554718,0,0,020022,020022
1723808275998,3,11,3.595189112727273,0.0925376166554718,0,0,020022,020022
1723808275998,3,6,4.632778005,0.0012231989999999,1,1,020022,020022
1723808276092,3,11,3.583708463636363,0.1109025571463809,0,0,020022,020022
1723808276092,3,6,4.591615018000001,0.1497999194333333,1,1,020022,020022
1723808276308,2,4,0.001,2.874797225e-10,1,1,020022,020022
1723808276308,2,3,4.20276309,0.1131305175,0,0,020022,020022
1723808276500,2,4,0.001,2.874797225e-10,1,1,020022,020022
1723808276500,2,3,4.14786645,0.1962841603333333,0,0,020022,020022
1723808276500,3,5,3.8062459208,0.0676316972,1,1,020022,020022
1723808276500,3,11,3.602328568181818,0.0143526836718008,0,0,020022,020022
1723808276604,3,5,3.86781346,0.2215244475999999,1,1,020022,020022
1723808276604,3,11,3.595081441818181,0.0362163976009264,0,0,020022,020022
1723808276797,3,11,3.5847335999999994,0.0713034551281992,0,0,020022,020022
1723808276797,2,4,0.001,2.874797225e-10,1,1,020022,020022
1723808276797,3,5,3.876852058,0.1659528774,1,1,020022,020022
1723808276797,2,2,3.5009672,0.104443865,0,0,020022,020022
1723808277190,3,12,3.919653691666666,0.0084610839495674,0,0,020022,020022
1723808277190,3,6,4.301716653333334,0.2801040704999999,1,1,020022,020022
1723808277296,3,12,3.888575152499999,0.0832319994385159,0,0,020022,020022
1723808277296,2,3,3.785855266666667,0.2918174286666666,0,0,020022,020022
1723808277296,3,6,4.360230686666666,0.0702286649999999,1,1,020022,020022
1723808277296,2,4,0.001,2.874797225e-10,1,1,020022,020022
1723808277511,2,5,2.582874902,0.0100877805999999,0,0,020022,020022
1723808277511,2,4,0.001,2.874797225e-10,1,1,020022,020022
1723808277610,2,4,0.001,2.874797225e-10,1,1,020022,020022
1723808277610,2,5,2.492548244,0.34383267,0,0,020022,020022
1723808277610,3,6,4.419054021666666,0.0497729407,1,1,020022,020022
1723808277610,3,12,3.786466670833333,0.1830093116841825,0,0,020022,020022
1723808277804,3,6,4.544643555,0.44647133524,1,1,020022,020022
1723808277804,3,12,3.7392259566666666,0.2725323051008493,0,0,020022,020022
1723808277998,3,6,4.561551203333333,0.268919875,1,1,020022,020022
1723808277998,3,12,3.732249531666666,0.1293127772258492,0,0,020022,020022
1723808277998,2,5,1.5944033999999998,2.29983778e-10,1,1,020022,020022
1723808277998,2,5,2.3840519060000003,0.2986817526,0,0,020022,020022
1723808278100,2,5,1.5918481999999998,0.0091997091700162,1,1,020022,020022
1723808278100,2,5,2.366838868,0.306884898192,0,0,020022,020022
1723808278310,3,12,3.714372416666666,0.0586916206791825,0,0,020022,020022
1723808278310,3,6,4.698618151666667,0.3525897327666667,1,1,020022,020022
1723808278502,3,6,4.728006268333333,0.2655059845,1,1,020022,020022
1723808278502,3,12,3.7124944916666665,0.0283337820700158,0,0,020022,020022
1723808278502,2,5,1.94774154,1.069402607107459,1,1,020022,020022
1723808278502,2,5,2.41172973,0.192611787706,0,0,020022,020022
1723808278594,3,6,4.7020059000000005,0.04798756575,1,1,020022,020022
1723808278594,3,12,3.723879458333333,0.0350051146696507,0,0,020022,020022
1723808278594,2,5,1.8973991,0.603866728107459,1,1,020022,020022
1723808278594,2,5,2.419832958,0.2101462334236,0,0,020022,020022
1723808279002,3,5,5.69719714,0.1296063627999999,1,1,020022,020022
1723808279002,3,12,3.2111713333333327,0.0503355861008492,0,0,020022,020022
1723808279002,2,5,1.94365386,0.1269123198925411,1,1,020022,020022
1723808279002,2,5,3.445612938,0.14580149,0,0,020022,020022
1723808279096,2,5,3.4655272580000003,0.14719686488,0,0,020022,020022
1723808279096,2,5,1.94176572,0.0861385361074588,1,1,020022,020022
1723808279096,3,5,5.76112116,0.2695658059999999,1,1,020022,020022
1723808279096,3,12,3.2265188625000003,0.0476569051574841,0,0,020022,020022
1723808279508,2,5,2.20898966,0.4843080801074589,1,1,020022,020022
1723808279508,2,5,3.5729784800000006,0.2975438579999999,0,0,020022,020022
1723808279508,3,5,5.906252100000001,0.2432936272,1,1,020022,020022
1723808279508,3,12,3.2388148199999995,0.0363827984529007,0,0,020022,020022
1723808279609,3,5,5.9405826600000005,0.21865630006,1,1,020022,020022
1723808279609,3,11,3.128889553636364,0.0432592613445281,0,0,020022,020022
1723808279609,2,5,2.1642466,0.1445919401074589,1,1,020022,020022
1723808279609,2,6,3.86380295,0.3894599166666666,0,0,020022,020022
1723808279794,2,5,2.05457874,0.505322993892541,1,1,020022,020022
1723808279794,2,6,3.958438016666666,0.55525126,0,0,020022,020022
1723808279794,3,11,3.129587955454545,0.0165384894354372,0,0,020022,020022
1723808279794,3,5,5.98732118,0.241889288,1,1,020022,020022
1723808280017,3,6,6.121158883333333,0.268748995,1,1,020022,020022
1723808280017,3,11,3.132620036363636,0.0363395468899826,0,0,020022,020022
1723808280196,2,5,2.35571894,0.4881581211074589,1,1,020022,020022
1723808280196,2,5,3.56063202,0.3723822230799999,0,0,020022,020022
1723808280196,3,6,6.0900746833333335,0.0070736199999999,1,1,020022,020022
1723808280196,3,11,3.0909295336363627,0.1125289125918355,0,0,020022,020022
1723808280294,3,6,6.1695897,0.214809169,1,1,020022,020022
1723808280294,3,11,3.09564927,0.1037695389645628,0,0,020022,020022
1723808280508,2,4,4.036176635,0.2727793297499999,0,0,020022,020022
1723808280508,2,5,2.2947068,0.1980613598925411,1,1,020022,020022
1723808280694,3,6,6.252354333333333,0.216143077,1,1,020022,020022
1723808280694,3,11,3.113667933636363,0.0733151046930735,0,0,020022,020022
1723808280694,2,5,2.26655296,0.0175638398925411,1,1,020022,020022
1723808280694,2,4,4.012227425,0.0035170287,0,0,020022,020022
1723808280796,3,6,6.2351473,0.0080103276666666,1,1,020022,020022
1723808280796,3,11,3.076139821818181,0.0556484264363809,0,0,020022,020022
1723808281006,2,5,2.29405928,0.121123551892541,1,1,020022,020022
1723808281006,2,5,4.450270659999999,0.36927108188,0,0,020022,020022
1723808281107,2,5,2.22697128,0.436048507892541,1,1,020022,020022
1723808281107,2,5,4.43849696,0.23254232412,0,0,020022,020022
1723808281107,3,6,6.302739366666668,0.1964879558333333,1,1,020022,020022
1723808281107,3,10,2.629545017,0.3721202821210191,0,0,020022,020022
1723808281298,3,6,6.425999083333334,0.568870879,1,1,020022,020022
1723808281298,3,10,2.61977247,0.1968148339210191,0,0,020022,020022
1723808281403,3,10,2.626244154,0.0953429649210191,0,0,020022,020022
1723808281403,2,5,4.436422030000001,0.058236150428,0,0,020022,020022
1723808281403,3,6,6.426536083333333,0.4312104816666666,1,1,020022,020022
1723808281403,2,5,2.3337192,0.0674868601074588,1,1,020022,020022
1723808281508,2,5,2.3202722,0.0884302081074588,1,1,020022,020022
1723808281508,2,5,4.42043276,0.1531178708739999,0,0,020022,020022
1723808281602,2,5,2.33062358,0.1064142861074589,1,1,020022,020022
1723808281602,2,4,4.36942831,0.1052694630265,0,0,020022,020022
1723808281807,3,7,6.571209142857144,0.1320286212857142,1,1,020022,020022
1723808281807,3,10,2.6428664100000003,0.0496581657789809,0,0,020022,020022
1723808282000,3,7,6.5164092,0.1844971357142857,1,1,020022,020022
1723808282000,3,10,2.6492794550000003,0.0315719090789809,0,0,020022,020022
1723808282000,2,5,2.27864356,0.0733082658925411,1,1,020022,020022
1723808282000,2,4,4.39192946,0.14058100916075,0,0,020022,020022
1723808282100,2,4,4.3049474625,0.1872989652961825,0,0,020022,020022
1723808282100,2,5,2.30189556,0.0137358998925411,1,1,020022,020022
1723808282290,2,3,4.044150966666666,0.0876295566666666,0,0,020022,020022
1723808282290,2,5,2.27940504,0.0729512678925411,1,1,020022,020022
1723808282505,3,7,6.532464028571428,0.0848316378571428,1,1,020022,020022
1723808282505,3,9,2.5205674777777785,0.1250498261433121,0,0,020022,020022
1723808282505,2,6,3.2212307166666663,0.1211126999104509,1,1,020022,020022
1723808282505,2,3,3.9828576,0.1348384971333333,0,0,020022,020022
1723808282597,3,7,6.585594471428571,0.2321112615714286,1,1,020022,020022
1723808282597,3,9,2.485973006666667,0.0059315798210899,0,0,020022,020022
1723808282597,2,6,3.199287333333333,0.1718150049104509,1,1,020022,020022
1723808282597,2,3,3.8847969066666663,0.3278163666,0,0,020022,020022
1723808282790,3,7,6.594581257142857,0.1621220380185714,1,1,020022,020022
1723808282790,3,9,2.537656100000001,0.1602438710655343,0,0,020022,020022
1723808283003,3,7,6.5981906285714285,0.0217127389285714,1,1,020022,020022
1723808283003,3,9,2.5533414444444444,0.1123091822604232,0,0,020022,020022
1723808283003,2,6,3.1252537,0.1181282023271175,1,1,020022,020022
1723808283003,2,3,3.9590780566666655,0.1087249202466666,0,0,020022,020022
1723808283191,2,6,3.037203666666666,0.3552530199104509,1,1,020022,020022
1723808283191,2,2,3.28661885,0.2020652,0,0,020022,020022
1723808283191,3,7,6.647712628571429,0.1240366841257142,1,1,020022,020022
1723808283191,3,9,2.2582567222222227,0.0811817574210899,0,0,020022,020022
1723808283504,2,6,3.617441233333333,0.3168897433076186,1,1,020022,020022
1723808283504,2,2,3.3002333,0.17927615,0,0,020022,020022
1723808283504,3,6,6.638014283333333,0.2465304066666667,1,1,020022,020022
1723808283504,3,9,2.233968388888889,0.0367023378655343,0,0,020022,020022
1723808283694,3,6,6.749557516666666,0.5631961483333333,1,1,020022,020022
1723808283694,3,9,2.2113528555555555,0.0467988470233545,0,0,020022,020022
1723808283904,2,2,2.52968865,0.04170606275,0,0,020022,020022
1723808283904,2,5,3.8558576800000006,1.2139403299514435,1,1,020022,020022
1723808284003,3,6,6.690432133333334,0.1386172133333333,1,1,020022,020022
1723808284003,3,9,2.1955212,0.1447334448011323,0,0,020022,020022
1723808284003,2,5,3.79362188,1.1735470399514436,1,1,020022,020022
1723808284003,2,2,2.4864018000000003,0.2054968834999999,0,0,020022,020022
1723808284205,3,6,6.706217116666667,0.0078899266666666,1,1,020022,020022
1723808284205,3,9,2.203296677777778,0.0712225332455767,0,0,020022,020022
1723808284205,2,5,3.61658672,0.8429441379514436,1,1,020022,020022
1723808284205,2,1,0.35849455,1.6900847,0,0,020022,020022
1723808284302,2,5,3.5366734200000005,0.9278835425514436,1,1,020022,020022
1723808284302,2,1,0.35849455,1.8627613,0,0,020022,020022
1723808284302,3,7,6.691396471428571,0.0823347291428571,1,1,020022,020022
1723808284302,3,9,2.217838588888889,0.0102686999122434,0,0,020022,020022
1723808284614,2,5,3.25880852,0.9103654093514436,1,1,020022,020022
1723808284614,2,1,0.35849458,0.088665634,0,0,020022,020022
1723808284798,3,9,2.2076509333333334,0.1071243289766454,0,0,020022,020022
1723808284798,3,7,6.711808228571428,0.0448816028571428,1,1,020022,020022
1723808284798,2,5,3.19456158,0.5536224623514437,1,1,020022,020022
1723808284798,2,1,0.35849458,0.08735062,0,0,020022,020022
1723808284999,3,7,6.692804985714285,0.0086539694285714,1,1,020022,020022
1723808284999,3,9,2.1830924,0.0100172088011323,0,0,020022,020022
1723808284999,2,5,3.0059696800000006,0.7381292899514437,1,1,020022,020022
1723808284999,2,1,0.35849458,0.027921867,0,0,020022,020022
1723808285104,2,5,2.84796168,1.0894028819514436,1,1,020022,020022
1723808285104,2,1,0.35849458,0.010552904,0,0,020022,020022
1723808285311,3,7,6.641046400000001,0.0985230171428571,1,1,020022,020022
1723808285311,3,9,2.1592663666666665,0.0913903839122434,0,0,020022,020022
1723808285505,2,5,2.62859876,0.5641762000514438,1,1,020022,020022
1723808285505,2,0,0.0,0.0,0,0,020022,020022
1723808285596,2,5,2.58547378,0.6316530454914437,1,1,020022,020022
1723808285596,2,0,0.0,0.0,0,0,020022,020022
1723808285814,3,9,2.196710244444444,0.0693625437544232,0,0,020022,020022
1723808285814,3,7,6.686776199999999,0.030828095,1,1,020022,020022
1723808285998,3,7,6.689732328571429,0.1447579792857143,1,1,020022,020022
1723808285998,3,9,2.1839163999999998,0.0255995248233545,0,0,020022,020022
1723808285998,2,6,2.50625395,0.4135793560295364,1,1,020022,020022
1723808285998,2,1,11.721991,0.0,0,0,020022,020022
1723808286090,3,7,6.719941114285715,0.2283022020114285,1,1,020022,020022
1723808286090,3,9,2.1985877999999994,0.0003419881522434,0,0,020022,020022
1723808286090,2,6,2.0723867,1.8479405099928696,1,1,020022,020022
1723808286090,2,1,11.673821,0.17233963,0,0,020022,020022
1723808286310,2,6,1.9983951,1.0376456899595363,1,1,020022,020022
1723808286310,2,1,11.721261,0.15372963,0,0,020022,020022
1723808286496,3,7,6.696460771428571,0.0031158221428571,1,1,020022,020022
1723808286496,3,9,1.8366681,1.010846813801132,0,0,020022,020022
1723808286496,2,6,1.97671565,0.2769324509595364,1,1,020022,020022
1723808286496,2,1,11.411206,1.0878341,0,0,020022,020022
1723808286596,3,7,6.720465728571428,0.134799105,1,1,020022,020022
1723808286596,3,9,1.816715722222222,0.6695217513566879,0,0,020022,020022
1723808286800,2,5,1.86418762,0.1749184799514437,1,1,020022,020022
1723808286800,2,1,11.532833,0.27161524,0,0,020022,020022
1723808287002,3,7,6.774469271428572,0.1493377957142856,1,1,020022,020022
1723808287002,3,9,1.752856888888889,0.1719375905789101,0,0,020022,020022
1723808287271,3,7,6.7608833000000015,0.0206849525714285,1,1,020022,020022
1723808287271,3,9,1.7022778444444444,0.2135345630233545,0,0,020022,020022
1723808287271,2,6,1.5609128283333336,0.2443303199595364,1,1,020022,020022
1723808287271,2,2,10.116414,0.352116725,0,0,020022,020022
1723808287410,3,7,6.784250185714285,0.1309963628571428,1,1,020022,020022
1723808287410,3,9,1.626730822222222,0.3890967542455768,0,0,020022,020022
1723808287507,2,6,1.4473808566666664,0.4705836216262031,1,1,020022,020022
1723808287507,2,2,10.1725155,0.1614465749999999,0,0,020022,020022
1723808287507,3,9,1.604567222222222,0.3890912240233545,0,0,020022,020022
1723808287507,3,7,6.787687742857143,0.1098548137142857,1,1,020022,020022
1723808287599,3,7,6.770746171428573,0.005232165,1,1,020022,020022
1723808287599,3,9,1.586555622222222,0.3341689605789101,0,0,020022,020022
1723808287599,2,6,1.256604725,1.0864904532928696,1,1,020022,020022
1723808287599,2,2,10.25027925,0.2726581225,0,0,020022,020022
1723808288006,3,8,6.7982629375000005,0.23462842025,1,1,020022,020022
1723808288006,3,9,1.498137833333333,0.2376001994789101,0,0,020022,020022
1723808288006,2,6,1.2060081333333332,0.1514156326428697,1,1,020022,020022
1723808288006,2,2,10.0542545,0.3112223899999999,0,0,020022,020022
1723808288188,2,2,9.991456,0.331464195,0,0,020022,020022
1723808288188,3,8,6.796601125000001,0.17260610325,1,1,020022,020022
1723808288188,3,9,1.4538307333333331,0.274893814327799,0,0,020022,020022
1723808288188,2,6,1.187639155,0.089698216626203,1,1,020022,020022
1723808288509,3,9,1.404353011111111,0.1309605393220212,0,0,020022,020022
1723808288509,3,8,6.7648951,0.04978340125,1,1,020022,020022
1723808288509,2,6,1.1357527783333332,0.1708512744595364,1,1,020022,020022
1723808288509,2,1,8.422444,0.16874348,0,0,020022,020022
1723808288601,2,6,1.1278959833333333,0.1715366345095364,1,1,020022,020022
1723808288601,2,1,8.505585,0.3357529,0,0,020022,020022
1723808288601,3,8,6.745603775000001,0.1339638995,1,1,020022,020022
1723808288601,3,9,1.360855188888889,0.2220627638933545,0,0,020022,020022
1723808288807,2,6,1.15408,0.0934172691237968,1,1,020022,020022
1723808288807,3,8,6.786423600000001,0.0749221799499999,1,1,020022,020022
1723808288807,3,9,1.3165896555555558,0.2769373220795212,0,0,020022,020022
1723808288807,2,1,8.498729,0.12766501,0,0,020022,020022
1723808289005,3,9,1.2546328333333332,0.2646586791552879,0,0,020022,020022
1723808289005,3,8,6.8063667625,0.1062937690624999,1,1,020022,020022
1723808289005,2,1,8.464397,0.11818444,0,0,020022,020022
1723808289005,2,5,1.1405888599999998,0.4179185634485562,1,1,020022,020022
1723808289097,2,5,1.14161256,0.3063599792485563,1,1,020022,020022
1723808289097,2,1,8.467043,0.100296825,0,0,020022,020022
1723808289097,3,8,6.830819,0.143544155125,1,1,020022,020022
1723808289097,3,9,1.2192181555555557,0.3015426281482434,0,0,020022,020022
1723808289298,3,8,6.811777975,0.0118991352875,1,1,020022,020022
1723808289298,3,9,1.180516177777778,0.268016714317649,0,0,020022,020022
1723808289298,2,5,1.14748706,0.0242004167885562,1,1,020022,020022
1723808289298,2,2,4.64405997,0.590254565,0,0,020022,020022
1723808289399,2,5,1.1542680600000002,0.0104093599514437,1,1,020022,020022
1723808289399,2,2,4.6149138,0.46037519,0,0,020022,020022
1723808289503,3,9,1.1159253111111112,0.2470136667210712,0,0,020022,020022
1723808289503,3,8,6.807282775,0.0251631937625,1,1,020022,020022
1723808289503,2,2,4.6419343,0.37198682,0,0,020022,020022
1723808289503,2,5,1.169850934,0.0341494540485562,1,1,020022,020022
1723808289608,3,8,6.80885385,0.0746451947875,1,1,020022,020022
1723808289608,3,9,1.0806218000000003,0.284538375102359,0,0,020022,020022
1723808289800,3,8,6.814101625000001,0.0266053396825,1,1,020022,020022
1723808289800,3,9,1.0343810000000002,0.2969088821869451,0,0,020022,020022
1723808289800,2,5,1.19091391,0.0995789714485562,1,1,020022,020022
1723808289800,2,2,4.7904649,0.49744844,0,0,020022,020022
1723808290112,3,9,6.750917522222222,0.1157894836222222,1,1,020022,020022
1723808290112,3,10,1.651693375,0.1396538914379701,0,0,020022,020022
1723808290112,2,4,1.27350065,0.2302602800606953,1,1,020022,020022
1723808290112,2,3,3.8750102666666666,0.3494273079999999,0,0,020022,020022
1723808290293,3,10,1.6160411760000002,0.1669193075347304,0,0,020022,020022
1723808290293,2,4,1.30089035,0.2085722175606953,1,1,020022,020022
1723808290293,3,9,6.722963211111111,0.1347845536666666,1,1,020022,020022
1723808290293,2,3,3.797334733333333,0.0268142033333333,0,0,020022,020022
1723808290514,2,3,3.7352724,0.3932005999999999,0,0,020022,020022
1723808290514,2,4,1.32562068,0.1190724800606953,1,1,020022,020022
1723808290608,3,10,1.52984704,0.2311934809468559,0,0,020022,020022
1723808290608,3,9,6.694027033333333,0.0721464655555555,1,1,020022,020022
1723808290608,2,3,3.7578442666666665,0.252001841,0,0,020022,020022
1723808290608,2,4,1.321178585,0.0538348250606953,1,1,020022,020022
1723808290802,3,9,6.677559522222222,0.0612392086666666,1,1,020022,020022
1723808290802,3,9,1.6245135333333334,0.333197992798168,0,0,020022,020022
1723808291000,2,4,1.37928141,0.0697800203106953,1,1,020022,020022
1723808291000,2,3,3.7837008666666665,0.2258251226666666,0,0,020022,020022
1723808291102,2,4,1.375565315,0.0279889178106953,1,1,020022,020022
1723808291102,2,3,3.7876971666666654,0.2895881110666666,0,0,020022,020022
1723808291102,3,8,6.9148885875,0.0332208067,1,1,020022,020022
1723808291102,3,9,1.5481473922222222,0.2939180626648347,0,0,020022,020022
1723808291302,3,8,6.89963865,0.00454745676125,1,1,020022,020022
1723808291302,3,9,1.5530211066666668,0.0944229284648346,0,0,020022,020022
1723808291302,2,5,1.6895439,0.0032191569514437,1,1,020022,020022
1723808291302,2,2,1.5921445,0.35283348555,0,0,020022,020022
1723808291392,2,2,1.5638941000000002,0.192218432675,0,0,020022,020022
1723808291392,2,5,1.68384974,0.0249277979514437,1,1,020022,020022
1723808291392,3,8,6.884803812500001,0.0732702554197499,1,1,020022,020022
1723808291392,3,9,1.5434772966666666,0.0507207890092791,0,0,020022,020022
1723808291488,2,5,1.69539684,0.0147791660485562,1,1,020022,020022
1723808291488,2,2,1.55110925,0.0284325333599999,0,0,020022,020022
1723808291620,3,8,6.863783862499999,0.1224321522381249,1,1,020022,020022
1723808291620,3,9,1.5270273555555556,0.0437374323348346,0,0,020022,020022
1723808291620,2,6,1.7685208616666666,0.0109441143737968,1,1,020022,020022
1723808291620,2,2,1.4112453,0.54840979929,0,0,020022,020022
1723808291800,3,9,1.5594087222222222,0.0947438505684986,0,0,020022,020022
1723808291800,2,6,1.7664600366666667,0.0148379326071302,1,1,020022,020022
1723808291800,2,1,1.1466802,0.9985154,0,0,020022,020022
1723808291800,3,7,7.077278085714285,0.1760060277142857,1,1,020022,020022
1723808292012,2,1,2.2257142,3.7418113,0,0,020022,020022
1723808292012,2,6,1.7611740666666666,0.0441780844595364,1,1,020022,020022
1723808292108,2,6,1.7690476549999998,0.0240069249595364,1,1,020022,020022
1723808292108,2,1,1.8766468,2.0536346,0,0,020022,020022
1723808292108,3,7,7.015076185714286,0.2165903751428571,1,1,020022,020022
1723808292108,3,8,0.7426495,0.319691634960439,0,0,020022,020022
1723808292294,3,7,6.999765114285713,0.2233671951428571,1,1,020022,020022
1723808292294,3,8,0.7262398124999999,0.259410587460439,0,0,020022,020022
1723808292398,3,7,6.9351235142857135,0.3717319085714285,1,1,020022,020022
1723808292398,3,8,0.7691348874999999,0.018774966110439,0,0,020022,020022
1723808292398,2,6,1.7977636433333333,0.0974521528737968,1,1,020022,020022
1723808292398,2,1,2.1039317,1.5467463,0,0,020022,020022
1723808292499,2,6,1.7921028433333337,0.0887484177071302,1,1,020022,020022
1723808292499,2,1,1.7790018,0.9902705,0,0,020022,020022
1723808292603,3,8,0.7546910874999999,0.005130349210439,0,0,020022,020022
1723808292603,3,7,6.983398414285714,0.0571356562857142,1,1,020022,020022
1723808292603,2,1,1.4390498,0.684652,0,0,020022,020022
1723808292603,2,6,1.7843465200000004,0.0341535100404635,1,1,020022,020022
1723808292806,3,7,6.957315657142857,0.0499165191428571,1,1,020022,020022
1723808292806,3,8,0.7610538124999999,0.0334012875395609,0,0,020022,020022
1723808292806,2,6,1.812906391666667,0.0857032083737968,1,1,020022,020022
1723808292806,2,1,1.5689405,0.44027424,0,0,020022,020022
1723808292984,2,6,1.8206372416666667,0.0909062644404635,1,1,020022,020022
1723808292984,2,1,1.7691556,1.1773554,0,0,020022,020022
1723808292984,3,7,6.947254414285715,0.0476164367142857,1,1,020022,020022
1723808292984,3,8,0.7710416499999999,0.049749512335439,0,0,020022,020022
1723808293116,2,6,1.824505525,0.0513161188737968,1,1,020022,020022
1723808293116,2,1,1.5071331,0.029181957,0,0,020022,020022
1723808293302,3,8,0.82697345375,0.142073930539561,0,0,020022,020022
1723808293302,3,7,6.900983014285715,0.1262580228571428,1,1,020022,020022
1723808293302,2,6,1.827093758333333,0.0194710229737968,1,1,020022,020022
1723808293302,2,1,1.462486,0.75132966,0,0,020022,020022
1723808293507,3,7,6.9309783000000005,0.0284641839571428,1,1,020022,020022
1723808293507,3,9,1.9327358888888888,0.0681580998240542,0,0,020022,020022
1723808293507,2,6,1.8448370033333332,0.0630218750604635,1,1,020022,020022
1723808293507,2,2,4.6655166,0.302696465,0,0,020022,020022
1723808293688,3,7,6.981919328571429,0.2469984207142857,1,1,020022,020022
1723808293688,3,9,1.92399327,0.0057980515203902,0,0,020022,020022
1723808293688,2,6,1.8396596533333336,0.0110955486487968,1,1,020022,020022
1723808293688,2,2,4.6428923,0.0993821,0,0,020022,020022
1723808294006,2,5,1.5368467200000002,0.2064632139514436,1,1,020022,020022
1723808294006,2,2,4.5583045,0.23992985,0,0,020022,020022
1723808294006,3,7,6.996714371428572,0.0441995028,1,1,020022,020022
1723808294006,3,10,1.965208673,0.0011221320876487,0,0,020022,020022
1723808294096,3,10,1.976785943,0.0423305764536487,0,0,020022,020022
1723808294096,3,7,7.028180528571428,0.0824726097714285,1,1,020022,020022
1723808294096,2,5,1.53860226,0.1298942615514437,1,1,020022,020022
1723808294096,2,2,4.62596675,0.1137044,0,0,020022,020022
1723808294297,3,7,6.965595128571429,0.184734607192,1,1,020022,020022
1723808294297,3,10,1.95739428,0.0420052323433512,0,0,020022,020022
1723808294297,2,5,1.53336382,0.0093272675514437,1,1,020022,020022
1723808294297,2,2,4.4287269,0.523632985,0,0,020022,020022
1723808294613,3,7,6.973501385714286,0.0722967799999999,1,1,020022,020022
1723808294613,3,9,1.9524042,0.1797367004092791,0,0,020022,020022
1723808294613,2,5,1.5189952,0.0411660873514437,1,1,020022,020022
1723808294613,2,2,4.65367395,0.7442289249999999,0,0,020022,020022
1723808294798,3,9,1.9606070222222225,0.0217657024537235,0,0,020022,020022
1723808294798,3,7,6.948874471428572,0.1154440435714285,1,1,020022,020022
1723808294798,2,2,4.4853036,0.1800683075,0,0,020022,020022
1723808294798,2,5,1.51949928,0.0097268860514437,1,1,020022,020022
1723808295008,2,5,1.50642572,0.0400680926114437,1,1,020022,020022
1723808295008,2,2,4.48988505,0.21549308975,0,0,020022,020022
1723808295108,2,5,1.49783408,0.0726774631914437,1,1,020022,020022
1723808295108,2,2,4.4487384500000005,0.2879494041,0,0,020022,020022
1723808295108,3,7,6.925922914285715,0.1164438863571428,1,1,020022,020022
1723808295108,3,10,2.01271168,0.0800731143683512,0,0,020022,020022
1723808295307,3,7,6.917083528571429,0.0956880557142857,1,1,020022,020022
1723808295307,3,11,1.961565372727272,0.0186374394815283,0,0,020022,020022
1723808295307,2,5,1.47712714,0.0956321603938237,1,1,020022,020022
1723808295307,2,1,1.7367837,0.7129534,0,0,020022,020022
1723808295490,2,1,1.4541072,0.711462,0,0,020022,020022
1723808295490,2,5,1.47684296,0.0307616447134437,1,1,020022,020022
1723808295707,2,5,1.41242412,0.2068140702590437,1,1,020022,020022
1723808295707,2,1,1.5258851,0.2644459,0,0,020022,020022
1723808295707,3,7,6.994707614285715,0.1560734908857143,1,1,020022,020022
1723808295707,3,11,1.9870069845454543,0.0154448075514988,0,0,020022,020022
1723808295800,2,5,1.4164207999999998,0.1499750446915437,1,1,020022,020022
1723808295800,2,1,1.7122288,0.5809112,0,0,020022,020022
1723808295800,3,7,7.015043085714287,0.1728144732142857,1,1,020022,020022
1723808295800,3,11,1.9977891818181817,0.0399385529505898,0,0,020022,020022
1723808295998,2,5,1.37526938,0.1415067449677437,1,1,020022,020022
1723808295998,3,7,7.028068142857143,0.1173784954428571,1,1,020022,020022
1723808295998,3,11,1.9924805909090908,0.0076718782687716,0,0,020022,020022
1723808295998,2,1,1.4316171,0.7332363,0,0,020022,020022
1723808296101,2,5,1.3728746399999998,0.1177496430951837,1,1,020022,020022
1723808296101,2,1,1.4903305,0.5038667,0,0,020022,020022
1723808296306,3,11,2.041206018181818,0.1561741158540443,0,0,020022,020022
1723808296306,3,7,7.071776014285716,0.132528460851,1,1,020022,020022
1723808296494,3,7,7.098388628571429,0.1491292705042857,1,1,020022,020022
1723808296494,3,11,2.8882676454545457,0.1639865572444989,0,0,020022,020022
1723808296494,2,5,1.34119324,0.0790017639278477,1,1,020022,020022
1723808296494,2,1,1.5080997,0.20032424,0,0,020022,020022
1723808296712,2,5,1.30128246,0.1455501722095217,1,1,020022,020022
1723808296712,2,1,1.3328537,0.7900839,0,0,020022,020022
1723808296805,2,5,1.30128246,0.1029718107014409,1,1,020022,020022
1723808296805,2,1,1.5333806,0.36098683,0,0,020022,020022
1723808296805,3,6,7.098560116666666,0.2302173073833333,1,1,020022,020022
1723808296805,3,12,2.821334225,0.1695066399853656,0,0,020022,020022
1723808296992,3,6,7.05402455,0.0267773476556666,1,1,020022,020022
1723808296992,3,12,2.8563393500000003,0.1777125477139639,0,0,020022,020022
1723808297108,2,1,1.2126377,1.1917589,0,0,020022,020022
1723808297108,2,5,1.27039236,0.1042957428656207,1,1,020022,020022
1723808297220,2,5,1.25943628,0.1485445847779989,1,1,020022,020022
1723808297220,2,1,1.2126377,1.5612679,0,0,020022,020022
1723808297220,3,6,7.103364966666668,0.1663245800999999,1,1,020022,020022
1723808297220,3,12,2.9006747083333337,0.1639943543288431,0,0,020022,020022
1723808297406,3,6,7.1070086,0.0643672931166666,1,1,020022,020022
1723808297406,3,12,2.8988611333333334,0.04791990185124,0,0,020022,020022
1723808297406,2,5,1.23136456,0.1432464565238472,1,1,020022,020022
1723808297406,2,1,1.5687704,0.78473175,0,0,020022,020022
1723808297497,3,6,7.073665299999999,0.0933981325266666,1,1,020022,020022
1723808297497,3,12,2.950374783333334,0.2028054683622611,0,0,020022,020022
1723808297497,2,5,1.2229103599999998,0.1298015940773351,1,1,020022,020022
1723808297497,2,1,1.6286768,1.0787531,0,0,020022,020022
1723808297592,2,1,1.6208426,0.8778584,0,0,020022,020022
1723808297592,2,5,1.21606066,0.1129315652553351,1,1,020022,020022
1723808297807,3,6,7.187363783333333,0.3391139295,1,1,020022,020022
1723808297807,3,12,2.962620475000001,0.0602505289723959,0,0,020022,020022
1723808297807,2,5,1.19668968,0.0782401582773351,1,1,020022,020022
1723808297807,2,1,1.4146113,0.5458829,0,0,020022,020022
1723808297898,3,6,7.179160666666667,0.2728261922333333,1,1,020022,020022
1723808297898,3,12,2.9733512416666668,0.0975133266459377,0,0,020022,020022
1723808297898,2,5,1.19668968,0.0492312879513351,1,1,020022,020022
1723808297898,2,1,1.3396443,0.61856264,0,0,020022,020022
1723808297992,3,6,7.186031483333334,0.193622379,1,1,020022,020022
1723808297992,3,12,2.985816041666667,0.1278359600482382,0,0,020022,020022
1723808298207,3,6,7.199791,0.0678717976,1,1,020022,020022
1723808298207,3,12,2.9789572750000004,0.0165248345831659,0,0,020022,020022
1723808298207,2,4,0.901650075,0.0789402329041689,1,1,020022,020022
1723808298207,2,1,1.5486872,0.40371954,0,0,020022,020022
1723808298299,2,4,0.905312475,0.0776269787041689,1,1,020022,020022
1723808298299,2,1,1.3399012,0.9799681,0,0,020022,020022
1723808298299,3,6,7.187280883333334,0.0525571422333333,1,1,020022,020022
1723808298299,3,12,2.9761113333333338,0.0188722409164992,0,0,020022,020022
1723808298500,3,6,7.20441755,0.0041701370666666,1,1,020022,020022
1723808298500,3,12,2.9470026333333337,0.1023650688751674,0,0,020022,020022
1723808298500,2,4,0.89419825,0.0548636248291689,1,1,020022,020022
1723808298500,2,1,1.2805158,0.9380537,0,0,020022,020022
1723808298684,2,5,1.7213231800000002,0.0409068044733351,1,1,020022,020022
1723808298684,2,1,1.6861149,1.217931,0,0,020022,020022
1723808298808,3,12,2.9034922250000004,0.1437681075107375,0,0,020022,020022
1723808298808,3,6,7.225529733333334,0.0376408221666666,1,1,020022,020022
1723808298902,2,1,1.233155,0.9872546,0,0,020022,020022
1723808298902,2,6,2.2823211166666666,0.0455824910899459,1,1,020022,020022
1723808298902,3,6,7.2308706,0.0585689210499999,1,1,020022,020022
1723808298902,3,12,2.900823083333333,0.1280631310357375,0,0,020022,020022
1723808298992,3,6,7.202308733333333,0.0558500628333333,1,1,020022,020022
1723808298992,3,12,2.917340316666667,0.0223040258690708,0,0,020022,020022
1723808298992,2,7,1.718553342857143,0.8550208428416679,1,1,020022,020022
1723808298992,2,1,1.3191754,0.8410021,0,0,020022,020022
1723808299207,2,7,1.701541414285714,0.4856556973023823,1,1,020022,020022
1723808299207,2,1,1.3849832,0.13446331,0,0,020022,020022
1723808299304,2,7,1.6969507714285714,0.2510783872595251,1,1,020022,020022
1723808299304,2,1,1.3849832,0.24859533,0,0,020022,020022
1723808299304,3,6,7.200156799999999,0.0088280956666666,1,1,020022,020022
1723808299304,3,12,2.912538575000001,0.0357781803694593,0,0,020022,020022
1723808299500,2,7,1.706375057142857,0.055231759641332,1,1,020022,020022
1723808299500,2,2,0.8037970799999999,0.24819985,0,0,020022,020022
1723808299500,3,6,7.22548365,0.1038723871666666,1,1,020022,020022
1723808299500,3,12,2.909352783333334,0.0493307598402926,0,0,020022,020022
1723808299686,2,7,1.7132937285714285,0.0649897421961891,1,1,020022,020022
1723808299686,2,2,0.970497375,0.42394454,0,0,020022,020022
1723808299812,3,6,7.215905533333333,0.0384240478333333,1,1,020022,020022
1723808299812,3,12,2.896665741666667,0.0595098739009593,0,0,020022,020022
1723808299812,2,7,1.691173642857143,0.0964755157209536,1,1,020022,020022
1723808299812,2,2,1.17790463,1.13633233,0,0,020022,020022
1723808299994,3,6,7.216393249999999,0.0225458038333333,1,1,020022,020022
1723808299994,2,7,1.689087742857143,0.0899870804423536,1,1,020022,020022
1723808299994,2,2,1.15737923,0.5914577,0,0,020022,020022
1723808299994,3,11,3.0266281000000004,0.0145844368227738,0,0,020022,020022
1723808300208,2,2,0.809231875,1.0785629,0,0,020022,020022
1723808300208,2,7,1.6739953,0.0622403881253108,1,1,020022,020022
1723808300304,3,12,2.9395063083333324,0.0363542494959426,0,0,020022,020022
1723808300304,3,6,7.234830766666666,0.0601632454166666,1,1,020022,020022
1723808300304,2,7,1.6728191285714284,0.0517519328348108,1,1,020022,020022
1723808300304,2,2,0.880438625,0.6080782299999999,0,0,020022,020022
1723808300504,3,6,7.274820883333334,0.1770516008,1,1,020022,020022
1723808300504,3,11,2.4473137909090914,0.0501983261751989,0,0,020022,020022
1723808300504,2,7,1.6514250857142858,0.0825920234656111,1,1,020022,020022
1723808300504,2,2,1.050173975,0.5867824255,0,0,020022,020022
1723808300604,2,7,1.6498569857142855,0.0885403834534565,1,1,020022,020022
1723808300604,2,2,0.8749225249999999,0.0341172925,0,0,020022,020022
1723808300810,3,6,7.230583500000001,0.1570713413333333,1,1,020022,020022
1723808300810,3,11,2.3859094181818183,0.2306253509373493,0,0,020022,020022
1723808300997,2,7,1.6382550571428571,0.0030108019966856,1,1,020022,020022
1723808300997,2,2,0.8875053100000001,0.150531265,0,0,020022,020022
1723808300997,3,6,7.28033345,0.116239525,1,1,020022,020022
1723808300997,3,12,2.21534046,0.1481506697425963,0,0,020022,020022
1723808301090,2,7,1.6376754142857144,0.218347316284764,1,1,020022,020022
1723808301090,2,2,0.92157381,0.2053242249999999,0,0,020022,020022
1723808301307,2,7,1.6489800571428572,0.0855888795327786,1,1,020022,020022
1723808301307,2,2,0.78562946,0.44132352,0,0,020022,020022
1723808301500,3,12,2.1848965833333334,0.0908003379582666,0,0,020022,020022
1723808301500,3,6,7.31280865,0.0163219412116666,1,1,020022,020022
1723808301603,2,7,1.642174757142857,0.0193713861910854,1,1,020022,020022
1723808301603,2,2,0.9270386,0.535733188,0,0,020022,020022
1723808301603,3,6,7.28589465,0.0665577835666666,1,1,020022,020022
1723808301603,3,12,2.1635362233333333,0.1997506103651173,0,0,020022,020022
1723808301804,2,2,0.928987015,0.3506053285,0,0,020022,020022
1723808301804,3,6,7.224384266666667,0.2652006289999999,1,1,020022,020022
1723808301804,2,7,1.628075185714286,0.0518300532490056,1,1,020022,020022
1723808301804,3,12,2.1483700333333338,0.11092718461405,0,0,020022,020022
1723808302004,3,12,2.1411596958333328,0.0534225187649411,0,0,020022,020022
1723808302004,3,6,7.215506616666666,0.1398673118333333,1,1,020022,020022
1723808302004,2,2,0.709337965,0.6706439986999999,0,0,020022,020022
1723808302004,2,7,1.730681557142857,0.3426153856509944,1,1,020022,020022
1723808302195,2,7,1.7144168285714283,0.2061175121795657,1,1,020022,020022
1723808302195,2,2,0.8783691650000001,0.36731612185,0,0,020022,020022
1723808302315,3,6,7.171098399999999,0.1109527454166666,1,1,020022,020022
1723808302315,3,12,2.076284175,0.2224676880687062,0,0,020022,020022
1723808302498,2,7,1.6337158000000005,0.1328238979632913,1,1,020022,020022
1723808302498,2,2,0.7946484149999999,0.41511842595,0,0,020022,020022
1723808302498,3,6,7.124920716666668,0.1911646115333333,1,1,020022,020022
1723808302498,3,12,2.0433564475,0.2353116301806768,0,0,020022,020022
1723808302590,3,6,7.129955066666667,0.1771277401,1,1,020022,020022
1723808302590,3,12,2.0461326641666666,0.1739603617040824,0,0,020022,020022
1723808302813,2,1,1.4605108,0.4862982,0,0,020022,020022
1723808302813,2,7,1.6309617914285717,0.014876633777577,1,1,020022,020022
1723808302813,3,12,2.008882180833333,0.1288273957925629,0,0,020022,020022
1723808302813,3,6,7.081315883333333,0.1942254934399999,1,1,020022,020022
1723808302992,2,7,1.6281286,0.0159051028938514,1,1,020022,020022
1723808302992,2,1,1.5104885,0.74908245,0,0,020022,020022
1723808302992,3,6,7.0749234,0.1100926894016666,1,1,020022,020022
1723808302992,3,12,1.9795842516666668,0.1637477850199538,0,0,020022,020022
1723808303088,3,6,7.074923416666668,0.0660667169916666,1,1,020022,020022
1723808303088,3,12,1.95592835,0.1831514001277038,0,0,020022,020022
1723808303304,2,7,1.6393669714285717,0.0104851921947199,1,1,020022,020022
1723808303304,2,1,1.3204193,0.26869673,0,0,020022,020022
1723808303304,3,6,7.0166249,0.1794771972311666,1,1,020022,020022
1723808303304,3,12,1.92065473,0.1444091973530371,0,0,020022,020022
1723808303500,2,2,1.094923,0.472782225,0,0,020022,020022
1723808303500,2,7,1.5999764000000003,0.1014376933918627,1,1,020022,020022
1723808303500,3,6,6.973538583333333,0.2306583034220666,1,1,020022,020022
1723808303500,3,11,1.344504629090909,0.0966076035533132,0,0,020022,020022
1723808303597,2,7,1.585308377142857,0.1407973085347199,1,1,020022,020022
1723808303597,2,2,1.02330695,0.10745582,0,0,020022,020022
1723808303720,3,5,6.8421756,0.1029348481588,1,1,020022,020022
1723808303720,3,11,1.300494210909091,0.1503815451896769,0,0,020022,020022
1723808303900,3,5,6.848766359999999,0.0037886734,1,1,020022,020022
1723808303900,3,11,1.272558910909091,0.1649846606714951,0,0,020022,020022
1723808303900,2,7,1.556596442857143,0.1679006175347199,1,1,020022,020022
1723808303900,2,2,1.04143495,0.256981465,0,0,020022,020022
1723808303996,2,7,1.5513343571428575,0.1524288773918627,1,1,020022,020022
1723808303996,2,2,1.10346925,0.787112265,0,0,020022,020022
1723808304305,2,2,1.45621485,1.331691,0,0,020022,020022
1723808304305,3,11,1.1836296654545455,0.2166066287242223,0,0,020022,020022
1723808304305,2,7,1.503332135714286,0.1664577169632913,1,1,020022,020022
1723808304305,3,6,7.070816100000001,0.1548640611666666,1,1,020022,020022
1723808304488,3,6,7.0388694166666665,0.17774184,1,1,020022,020022
1723808304488,3,12,1.2950072,0.2920080519142539,0,0,020022,020022
1723808304706,2,7,1.4399200685714288,0.1709826413490056,1,1,020022,020022
1723808304706,2,2,1.3597890499999998,0.79541855,0,0,020022,020022
1723808304706,3,6,7.036477099999999,0.0662687555,1,1,020022,020022
1723808304706,3,13,1.4081246615384615,0.1694298903192112,0,0,020022,020022
1723808304802,3,6,7.022922883333334,0.10331247085,1,1,020022,020022
1723808304802,2,7,1.4229083828571432,0.1898543972390056,1,1,020022,020022
1723808304802,2,2,1.435366965,1.2025618649999998,0,0,020022,020022
1723808304802,3,12,1.4720211250000002,0.1908658575072038,0,0,020022,020022
1723808305010,2,7,1.3993616214285711,0.1473809128457199,1,1,020022,020022
1723808305010,2,2,1.00367515,1.19869132,0,0,020022,020022
1723808305100,2,2,1.03174265,0.89243915,0,0,020022,020022
1723808305100,2,7,1.3993616214285711,0.1007592468354627,1,1,020022,020022
1723808305300,3,5,7.125322940000001,0.249378148,1,1,020022,020022
1723808305300,3,12,1.4067604583333335,0.1250101874322038,0,0,020022,020022
1723808305496,2,7,1.279817757142857,0.1796223030846913,1,1,020022,020022
1723808305496,2,2,0.8957689499999999,0.857484793,0,0,020022,020022
1723808305616,3,4,7.0779762,0.13153966,1,1,020022,020022
1723808305616,3,12,1.3716668500000002,0.1133825223072038,0,0,020022,020022
1723808305797,3,4,7.078961175,0.0732869617499999,1,1,020022,020022
1723808305797,3,12,1.3499285916666668,0.1417491712188705,0,0,020022,020022
1723808305797,2,7,1.2613109057142855,0.0462720995873413,1,1,020022,020022
1723808305797,2,2,1.2453092,1.145323661,0,0,020022,020022
1723808306107,2,8,1.08026939875,0.3858847444914416,1,1,020022,020022
1723808306107,2,2,0.9874943,0.4193762906,0,0,020022,020022
1723808306107,3,12,1.2887967583333333,0.1904503283805371,0,0,020022,020022
1723808306107,3,4,7.026351249999999,0.059874051,1,1,020022,020022
1723808306289,2,8,1.0460805837500002,0.2960782533118564,1,1,020022,020022
1723808306289,2,2,1.0583519,0.08543149535,0,0,020022,020022
1723808306507,2,8,0.9734054875,0.2854159027273967,1,1,020022,120011
1723808306507,2,2,1.14806785,0.323111503722,0,0,020022,120011
1723808306688,2,8,0.962768295,0.2177097147012151,1,1,120011,121011
1723808306688,2,1,0.9812622,2.353913,0,0,120011,121011
1723808306688,3,4,6.958999825,0.03009795575,1,1,120011,121011
1723808306688,3,11,1.0235820363636363,0.1487662382875587,0,0,120011,121011
1723808306815,2,8,0.9627683,0.0713755328532545,1,1,121011,121011
1723808306815,2,1,1.4444331,0.034068704,0,0,121011,121011
1723808307002,3,11,0.9947062,0.0862002734698451,0,0,121011,121011
1723808307002,3,3,7.093224533333333,0.3503006966666666,1,1,121011,121011
1723808307002,2,1,1.6418346,1.1843361,0,0,121011,121011
1723808307002,2,8,0.962768295,0.0009391040724248,1,1,121011,121011
1723808307199,3,3,7.027914466666666,0.2860349833333333,1,1,121011,121011
1723808307199,3,11,0.9959611363636364,0.0194868815825405,0,0,121011,121011
1723808307199,2,8,0.9627682875,0.0089043242849248,1,1,121011,121011
1723808307199,2,1,1.3015187,1.0979183,0,0,121011,121011
1723808307343,3,3,7.0185223,0.1514159806666666,1,1,121011,121011
1723808307343,3,11,0.9960998090909092,0.0020791852001229,0,0,121011,121011
1723808307510,3,3,6.9730318,0.0417609806666666,1,1,121011,121011
1723808307510,3,11,0.978187781818182,0.0627658163676183,0,0,121011,121011
1723808307510,2,8,0.96276828,0.01521823884462,1,1,121011,121011
1723808307510,2,1,1.6487857,0.8620502,0,0,121011,121011
1723808307601,2,1,1.66201,0.90805024,0,0,121011,121011
1723808307601,2,8,0.962768275,0.0310353074141299,1,1,121011,121011
1723808307601,3,11,0.98510567,0.032421253041844,0,0,121011,121011
1723808307601,3,3,6.949342266666666,0.1437100516666667,1,1,121011,121011
1723808308005,3,3,6.940088,0.0249754706666666,1,1,121011,121011
1723808308005,3,12,1.210403591666667,0.0455027528211399,0,0,121011,121011
1723808308005,2,7,0.3494496628571428,0.0575214719068628,1,1,121011,121011
1723808308005,2,1,1.5363533,0.38223672,0,0,121011,121011
1723808308097,3,3,6.927977266666666,0.0106834433333333,1,1,121011,121011
1723808308097,3,12,1.2169381666666668,0.0558202427727348,0,0,121011,121011
1723808308097,2,6,0.16294389,0.0506657054735065,1,1,121011,121011
1723808308097,2,1,1.6173427,0.9672257,0,0,121011,121011
1723808308315,2,6,1.264719,0.0039096747578565,1,1,121011,121011
1723808308315,2,1,1.3546673,0.5313002,0,0,121011,121011
1723808308497,2,1,1.25576,0.86013174,0,0,121011,121011
1723808308497,3,3,7.018289899999999,0.2744840646666667,1,1,121011,121011
1723808308497,2,6,1.264719,0.0030326786699934,1,1,121011,121011
1723808308497,3,12,1.2513051083333333,0.0970984431542556,0,0,121011,121011
1723808308708,2,1,1.4232985,0.3620246,0,0,121011,121011
1723808308708,2,6,1.264719,0.001184201127915,1,1,121011,121011
1723808308798,2,6,1.264719,0.000503805777375,1,1,121011,121011
1723808308798,2,1,1.5947689,0.9048246,0,0,121011,121011
1723808309006,3,3,6.962197333333333,0.0134316123333333,1,1,121011,121011
1723808309006,3,12,1.3021733808333331,0.1093176689267556,0,0,121011,121011
1723808309006,2,7,1.5590373999999998,0.000122602937587,1,1,121011,121011
1723808309006,2,1,1.3696615,0.5532936,0,0,121011,121011
1723808309188,2,8,1.43928279125,0.0357489297549311,1,1,121011,121011
1723808309188,2,1,1.375716,0.2979756,0,0,121011,121011
1723808309312,2,8,1.4027910874999998,0.163533865687187,1,1,121011,121011
1723808309312,2,1,1.5811304,0.7198337,0,0,121011,121011
1723808309312,3,3,6.979220533333333,0.0362004495,1,1,121011,121011
1723808309312,3,12,1.3191221708333334,0.0480715928221723,0,0,121011,121011
1723808309493,3,12,1.2467440183333334,0.0005170382657443,0,0,121011,121011
1723808309493,3,3,6.9767711666666665,0.0028696651,1,1,121011,121011
1723808309493,2,8,1.3866827375,0.163310490266304,1,1,121011,121011
1723808309493,2,1,1.4016689,0.16029757,0,0,121011,121011
1723808309806,3,3,6.9767711666666665,0.0023555820666666,1,1,121000,121000
1723808309806,3,12,1.2367324075,0.0458318148236993,0,0,121000,121000
1723808309806,2,7,0.541142857142857,0.1639024439552236,1,1,121000,121000
1723808309806,2,1,1.357126,0.21937573,0,0,121000,121000
1723808309988,3,3,6.963997333333334,0.045460412314,1,1,121000,121000
1723808309988,3,12,1.2385187383333334,0.013480298685911,0,0,121000,121000
1723808310108,2,7,0.5077368999999999,0.1047048573480235,1,1,121000,121000
1723808310108,2,1,1.3794748,0.11644542,0,0,121000,121000
1723808310307,3,2,7.2022145,0.0092129649999999,1,1,121000,121000
1723808310307,3,11,1.0032787045454543,0.0716020886499029,0,0,121000,121000
1723808310407,2,1,1.5655187,0.6595892,0,0,121000,121000
1723808310407,2,7,0.4871094857142856,0.0872204718021284,1,1,121000,121000
1723808310407,3,2,7.2022145,0.00869274,1,1,121000,121000
1723808310407,3,11,0.9895547236363638,0.098049149740812,0,0,121000,121000
1723808310592,2,7,0.4703277714285713,0.1144082284021721,1,1,121000,121000
1723808310592,2,1,1.4526564,0.2969743,0,0,121000,121000
1723808310805,3,2,7.204194,0.0438778274999999,1,1,121000,121000
1723808310805,3,10,1.032384015,0.1671776926586446,0,0,121000,121000
1723808310805,2,7,0.3552446142857142,0.3758546101186417,1,1,121000,121000
1723808310805,2,1,1.3236107,0.62046206,0,0,121000,121000
1723808310988,2,7,0.3574516428571427,0.194503742506111,1,1,121000,121000
1723808310988,2,1,1.3025615,0.45676804,0,0,121000,121000
1723808311112,3,10,1.019682655,0.0627809850439446,0,0,121000,121000
1723808311112,3,2,7.2078247,0.0604847,1,1,121000,121000
1723808311112,2,7,0.3175752142857143,0.1710832761162098,1,1,121000,121000
1723808311112,2,2,1.81096155,0.53715665,0,0,121000,121000
1723808311290,2,7,0.3025015385714286,0.1628431079412352,1,1,121000,121000
1723808311290,2,2,1.7215618,0.1463323299999999,0,0,121000,121000
1723808311290,3,2,7.20814395,0.0290338375,1,1,121000,121000
1723808311290,3,10,0.995104415,0.1100968751846446,0,0,121000,121000
1723808311509,2,7,0.2692984814285714,0.1272109127357623,1,1,121000,121000
1723808311509,2,2,1.76336455,0.051944026,0,0,121000,121000
1723808311509,3,2,7.259608999999999,0.1758695115,1,1,121000,121000
1723808311509,3,10,0.975980934,0.0763652719886446,0,0,121000,121000
1723808311696,3,10,0.943064874,0.1535431132406446,0,0,121000,121000
1723808311696,3,2,7.272519299999999,0.09878938275,1,1,121000,121000
1723808311800,2,2,1.9727776,0.4867264999999999,0,0,121000,121000
1723808311800,2,7,0.23606484,0.138907128450048,1,1,121000,121000
1723808311800,3,2,7.255701549999999,0.01340543592,1,1,121000,121000
1723808311800,3,10,0.911513024,0.2256933106886446,0,0,121000,121000
1723808312001,3,10,0.882342438,0.1363893403176446,0,0,121000,121000
1723808312001,3,2,7.2800128,0.04717581295,1,1,121000,121000
1723808312001,2,7,0.23044095,0.1272840541643338,1,1,121000,121000
1723808312001,2,2,2.01160565,0.0926540699999999,0,0,121000,121000
1723808312102,3,3,7.161134666666666,0.13193031,1,1,121000,121000
1723808312102,3,10,0.8827208790000001,0.0804224972073446,0,0,121000,121000
1723808312292,3,3,7.123273366666667,0.0520105266666666,1,1,121000,121000
1723808312292,3,9,0.8900230800000001,0.0807405638762718,0,0,121000,121000
1723808312292,2,7,0.2485910228571428,0.030063364692809,1,1,121000,121000
1723808312292,2,2,2.20367245,0.503307285,0,0,121000,121000
1723808312601,2,2,2.0204717,0.6140328,0,0,121000,121000
1723808312601,3,3,7.093919633333333,0.0937860976666666,1,1,121000,121000
1723808312601,3,11,1.1278302,0.0977266345012321,0,0,121000,121000
1723808312601,2,7,0.2485910228571428,0.003610342692809,1,1,121000,121000
1723808313003,3,11,1.1333645545454547,0.0779107066830503,0,0,121000,121000
1723808313003,3,3,7.1234500333333335,0.2586470806666667,1,1,121000,121000
1723808313003,2,7,0.2485910228571428,0.0006781314357623,1,1,121000,121000
1723808313003,2,2,2.19295995,0.149801195,0,0,121000,121000
1723808313097,2,7,0.2485910228571428,0.0003307761214766,1,1,121000,121000
1723808313097,2,2,2.00557315,0.7151699,0,0,121000,121000
1723808313097,3,3,7.1518921,0.3441101866666667,1,1,121000,121000
1723808313097,3,11,1.1018314790909092,0.0367720623194139,0,0,121000,121000
1723808313310,2,2,2.3251816,0.6376234,0,0,121000,121000
1723808313310,2,7,0.2485910228571428,6.104536138047789e-05,1,1,121000,121000
1723808313502,3,13,1.1492070015384614,0.7936026877681882,0,0,121000,122000
1723808313502,3,3,7.142845266666668,0.049075969,1,1,121000,122000
1723808313502,2,7,0.2485910228571428,4.331256852333503e-05,1,1,121000,122000
1723808313502,2,2,2.2952621,0.318458374,0,0,121000,122000
1723808313613,2,2,2.1577079,0.524030933,0,0,122000,122000
1723808313613,2,7,0.2391687628571428,0.0330329340976195,1,1,122000,122000
1723808313613,3,3,7.142845233333333,0.0537044251666666,1,1,122000,122000
1723808313613,3,13,1.162028395384615,0.374338525717419,0,0,122000,122000
1723808313794,3,3,7.182644833333334,0.1286901218433333,1,1,122000,122000
1723808313794,3,14,1.297233917857143,0.0172452152266824,0,0,122000,122000
1723808313794,2,7,0.2391687628571428,0.0283412626336195,1,1,122000,122000
1723808313794,2,2,2.06407685,0.726076545,0,0,122000,122000
1723808314012,3,3,7.183612166666666,0.0425159736666666,1,1,122000,122000
1723808314012,3,14,1.2767279192857142,0.0305306321304604,0,0,122000,122000
1723808314106,2,7,1.1335234142857142,0.0761915741643338,1,1,122000,122000
1723808314106,3,3,7.183612166666666,0.0148059376999999,1,1,122000,122000
1723808314106,3,14,1.2831952,0.0093810941236747,0,0,122000,122000
1723808314106,2,2,2.21060645,0.508110035,0,0,122000,122000
1723808314285,3,3,7.245988,0.2448166473333333,1,1,122000,122000
1723808314285,3,14,1.2773108942857143,0.0177880678463175,0,0,122000,122000
1723808314285,2,7,1.1288613428571428,0.0582553501214766,1,1,122000,122000
1723808314285,2,2,2.0739329,0.035144807,0,0,122000,122000
1723808314509,2,7,1.1317049285714285,0.0127575901213804,1,1,122000,122000
1723808314509,2,2,2.08683055,0.0190915249999999,0,0,122000,122000
1723808314509,3,3,7.2050419,0.12738774,1,1,122000,122000
1723808314509,3,14,1.06049747,0.026017655591889,0,0,122000,122000
1723808314600,3,3,7.2050419,0.1658581833333333,1,1,122000,122000
1723808314600,3,14,1.0606263800000002,0.0232090673061747,0,0,122000,122000
1723808314600,2,7,1.130354242857143,0.0037085029785233,1,1,122000,122000
1723808314600,2,2,2.19384235,0.365565265,0,0,122000,122000
1723808315001,3,3,7.280856566666666,0.2718039,1,1,122000,122000
1723808315001,3,14,1.0615823564285716,0.1056614211004604,0,0,122000,122000
1723808315001,2,7,1.2199056285714285,0.2484138001213805,1,1,122000,122000
1723808315001,2,2,2.0590263,0.1897733299999999,0,0,122000,122000
1723808315092,3,13,0.6482144223076924,0.1467379178758804,0,0,122000,122000
1723808315092,3,3,7.255812233333333,0.14210255,1,1,122000,122000
1723808315092,2,2,2.0590262,0.122976465,0,0,122000,122000
1723808315092,2,7,1.1203574714285711,0.2106308427357623,1,1,122000,122000
1723808315309,2,7,1.0908287857142855,0.3005132998786194,1,1,122000,122000
1723808315309,2,2,1.9914542,0.231607505,0,0,122000,122000
1723808315309,3,2,7.560048800000001,0.097706755,1,1,122000,122000
1723808315309,3,13,0.6536981992307692,0.021663336102265,0,0,122000,122000
1723808315495,2,7,1.0908288428571429,0.1416298070214766,1,1,122000,222000
1723808315495,2,2,1.98033705,0.2546479435,0,0,122000,222000
1723808315495,3,2,7.577244,0.0845190015,1,1,122000,222000
1723808315495,3,14,0.877296207142857,0.2147909158063253,0,0,122000,222000
1723808315606,3,2,7.6538985,0.321910995,1,1,222000,222000
1723808315606,3,14,0.8590452499999998,0.1105472971156109,0,0,222000,222000
1723808315606,2,7,1.0908288285714287,0.0178261538786195,1,1,222000,222000
1723808315606,2,2,2.092301,0.34288241,0,0,222000,222000
1723808315795,2,2,2.09230105,0.19522151,0,0,222000,222000
1723808315795,2,7,1.1113580714285711,0.0854732941213804,1,1,222000,222000
1723808316002,3,2,7.6202285,0.1187705255,1,1,222000,222000
1723808316002,3,13,0.9069797876923076,0.0051109416415266,0,0,222000,222000
1723808316002,2,7,1.0139349285714288,0.3178712427357624,1,1,222000,222000
1723808316002,2,2,2.09230105,0.0011401429999999,0,0,222000,222000
1723808316104,2,7,0.9998600714285716,0.3702648141643337,1,1,222000,222000
1723808316104,2,2,2.09230105,0.0134132808,0,0,222000,222000
1723808316316,3,2,7.6416155,0.04516084627,1,1,222000,222000
1723808316316,3,15,1.1745351466666667,0.054546286038113,0,0,222000,222000
1723808316498,3,2,7.61947525,0.0730402215,1,1,222000,222000
1723808316498,3,15,1.1584306786666665,0.1027078434060433,0,0,222000,222000
1723808316498,2,8,1.557753925,0.169797379893792,1,1,222000,222000
1723808316498,2,2,2.09230105,0.00086897254,0,0,222000,222000
1723808316591,2,2,2.09230105,0.0003235542099999,0,0,222000,222000
1723808316591,2,8,1.5540428125,0.125003991143792,1,1,222000,222000
1723808316591,3,2,7.6377055,0.0048853333,1,1,222000,222000
1723808316591,3,15,1.17117858,0.0208667365245964,0,0,222000,222000
1723808316808,2,8,1.572928525,0.0633486013562079,1,1,222000,222000
1723808316808,2,1,1.1809261,0.0003207932,0,0,222000,222000
1723808316902,2,8,1.525623425,0.077254885643792,1,1,222000,222000
1723808316902,2,1,1.1809261,0.00020966756,0,0,222000,222000
1723808316902,3,2,7.687623,0.1612787577275,1,1,222000,222000
1723808316902,3,14,1.171447602142857,0.0235151987613081,0,0,222000,222000
1723808316994,2,8,1.521057875,0.1261969836437921,1,1,222000,222000
1723808316994,2,1,1.1809261,0.00011002908,0,0,222000,222000
1723808316994,3,2,7.6881855,0.128870874144,1,1,222000,222000
1723808316994,3,14,1.1546685428571428,0.1019337177546914,0,0,222000,222000
1723808317091,3,14,1.127036617857143,0.2004686314292249,0,0,222000,222000
1723808317091,3,2,7.6993335,0.1183024509125,1,1,222000,222000
1723808317310,3,14,1.16929365,0.1092162872255932,0,0,222000,222000
1723808317310,3,3,7.9331606666666685,0.0071337288384666,1,1,222000,222000
1723808317310,2,8,1.5718278625,0.21686824703864,1,1,222000,222000
1723808317310,2,0,0.0,0.0,0,0,222000,222000
1723808317417,3,3,8.0923958,0.566948385,1,1,222000,222000
1723808317417,3,14,1.1703828757142856,0.1074059203745251,0,0,222000,222000
1723808317586,3,3,8.257629466666666,1.0409202833333333,1,1,222000,222000
1723808317586,3,14,1.10104257,0.2276542540432568,0,0,222000,222000
1723808317586,2,9,1.929092611111111,0.0736977197212088,1,1,222000,222000
1723808317586,2,0,0.0,0.0,0,0,222000,222000
1723808317693,2,9,1.9227060888888887,0.0768030265878755,1,1,222000,222000
1723808317693,2,0,0.0,0.0,0,0,222000,222000
1723808318000,2,0,0.0,0.0,0,0,222000,222000
1723808318000,2,9,1.8925042888888888,0.0597442925856533,1,1,222000,222000
1723808318000,3,14,0.9375553735714288,0.7564689626545362,0,0,222000,222000
1723808318000,3,3,8.367316633333333,0.2161776723333333,1,1,222000,222000
1723808318092,3,3,8.367316633333333,0.0808973686666666,1,1,222000,222000
1723808318092,3,14,0.9348192771428572,0.8614550052557137,0,0,222000,222000
1723808318092,2,9,1.8292646666666663,0.2778493844100977,1,1,222000,222000
1723808318092,2,0,0.0,0.0,0,0,222000,222000
1723808318312,3,2,9.03542825,0.8036235671999999,1,1,222000,222000
1723808318312,3,14,0.9347387928571428,0.1753325325041586,0,0,222000,222000
1723808318312,2,9,1.8750656777777777,0.0034644223656533,1,1,222000,222000
1723808318312,2,0,0.0,0.0,0,0,222000,222000
1723808318496,2,9,1.809184733333333,0.2417922229656532,1,1,222000,222000
1723808318496,2,0,0.0,0.0,0,0,222000,222000
1723808318496,3,2,9.0384555,0.3766239465,1,1,222000,222000
1723808318496,3,14,0.9332574071428572,0.0051942854064944,0,0,222000,222000
1723808318588,2,9,1.7992207666666669,0.2967791961878755,1,1,222000,222000
1723808318588,2,0,0.0,0.0,0,0,222000,222000
1723808318808,2,9,1.828285182222222,0.0129086366232356,1,1,222000,222000
1723808318808,2,0,0.0,0.0,0,0,222000,222000
1723808318990,3,2,9.1393065,0.257087835,1,1,222000,222000
1723808318990,3,14,0.9284798214285716,0.0121609489935041,0,0,222000,222000
1723808318990,2,9,1.7162683666666667,0.4315772937434311,1,1,222000,222000
1723808318990,2,0,0.0,0.0,0,0,222000,222000
1723808319304,2,0,0.0,0.0,0,0,222000,222000
1723808319304,3,2,9.120952,0.0114251375,1,1,222000,222000
1723808319304,3,14,0.9223075428571428,0.0166549628663613,0,0,222000,222000
1723808319304,2,10,1.519209492,0.3346604719690879,1,1,222000,222000
1723808319613,2,10,1.6119137600000002,0.307109476030912,1,1,222000,222000
1723808319613,2,0,0.0,0.0,0,0,222000,222000
1723808319613,3,2,9.216648,0.3400410149999999,1,1,222000,222000
1723808319613,3,13,0.8666952384615385,0.0147525111096968,0,0,222000,222000
1723808319792,3,2,9.205083,0.081682265,1,1,222000,222000
1723808319792,3,13,0.8618022923076925,0.0226117005803891,0,0,222000,222000
1723808319792,2,10,1.6374470549999998,0.2846015100309121,1,1,222000,222000
1723808319792,2,0,0.0,0.0,0,0,222000,222000
1723808319884,2,10,1.670066525,0.3410513580309119,1,1,222000,222000
1723808319884,2,0,0.0,0.0,0,0,222000,222000
1723808320013,3,2,9.212605,0.103116734,1,1,222000,222000
1723808320013,3,13,0.8561795000000001,0.0248729772809429,0,0,222000,222000
1723808320111,3,2,9.2736695,0.2772516285,1,1,222000,222000
1723808320111,3,12,0.8882470583333334,0.0300377759312548,0,0,222000,222000
1723808320111,2,10,1.735439709,0.2862898214307891,1,1,222000,222000
1723808320111,2,0,0.0,0.0,0,0,222000,222000
1723808320296,2,0,0.0,0.0,0,0,222000,222000
1723808320296,2,10,1.767376312,0.2394967680307892,1,1,222000,222000
1723808320611,3,2,9.282784,0.079326424125,1,1,222000,222000
1723808320611,3,14,1.1640247357142857,0.0299902723140541,0,0,222000,222000
1723808320806,2,11,2.119324131818182,0.0351209071552629,1,1,222000,222000
1723808320806,2,0,0.0,0.0,0,0,222000,222000
1723808321001,2,12,2.1980225625,0.0125791595368423,1,1,222000,222000
1723808321001,2,0,0.0,0.0,0,0,222000,222000
1723808321001,3,2,9.2736845,0.3257153849999999,1,1,222000,222000
1723808321001,3,14,1.121849807142857,0.1184262526686261,0,0,222000,222000
1723808321104,3,2,9.3091665,0.2898918205,1,1,222000,222000
1723808321104,3,14,1.1148297857142857,0.1295414912915584,0,0,222000,222000
1723808321304,2,11,2.3435616236363632,0.0484561414604646,1,1,222000,222000
1723808321304,2,0,0.0,0.0,0,0,222000,222000
1723808321511,2,0,0.0,0.0,0,0,222000,222000
1723808321511,2,10,2.450956796,0.3117252513526364,1,1,222000,222000
1723808321511,3,2,9.288226,0.0518578664999999,1,1,222000,222000
1723808321511,3,14,1.0705279857142858,0.0975766669061288,0,0,222000,222000
1723808321602,3,2,9.2863335,0.0360709919999999,1,1,222000,222000
1723808321602,3,14,1.069204407142857,0.0723460704539974,0,0,222000,222000
1723808321602,2,10,2.42596723,0.3553132223026364,1,1,222000,222000
1723808321602,2,0,0.0,0.0,0,0,222000,222000
1723808321788,2,10,2.45506252,0.0496535397826364,1,1,222000,222000
1723808321788,2,0,0.0,0.0,0,0,222000,222000
1723808322006,3,2,9.25507,0.03220107375,1,1,222000,222000
1723808322006,3,15,1.2838286,0.1160518646086168,0,0,222000,222000
1723808322006,2,10,2.43869886,0.0120769993283636,1,1,222000,222000
1723808322006,2,0,0.0,0.0,0,0,222000,222000
1723808322097,2,0,0.0,0.0,0,0,222000,222000
1723808322097,2,10,2.42966237,0.0094446317996364,1,1,222000,222000
1723808322097,3,2,9.2785305,0.07458935784,1,1,222000,222000
1723808322097,3,15,1.2813090266666665,0.0928460311153525,0,0,222000,222000
1723808322315,3,2,9.3019975,0.11473523867,1,1,222000,222000
1723808322315,3,15,1.2681096066666666,0.0550065972580191,0,0,222000,222000
1723808322500,3,2,9.157032,0.44148854143,1,1,222000,222000
1723808322500,3,15,1.2534083266666665,0.0734167934463525,0,0,222000,222000
1723808322500,2,10,2.40551379,0.0429122495495695,1,1,222000,222000
1723808322500,2,0,0.0,0.0,0,0,222000,222000
1723808322596,2,10,2.3727264099999994,0.3108081706565364,1,1,222000,222000
1723808322596,2,0,0.0,0.0,0,0,222000,222000
1723808322800,3,1,10.001628,0.00451681,1,1,222000,222000
1723808322800,3,14,1.0956716,0.1077979125471634,0,0,222000,222000
1723808323000,2,0,0.0,0.0,0,0,222000,222000
1723808323000,2,10,2.396060741,0.073981681019309,1,1,222000,222000
1723808323092,2,0,0.0,0.0,0,0,222000,222000
1723808323092,2,10,2.36579357,0.042067615194438,1,1,222000,222000
1723808323308,3,1,9.96348,0.11130099,1,1,222000,222000
1723808323308,3,15,0.9842051000000002,0.1502596067106858,0,0,222000,222000
1723808323308,2,10,2.248437425,0.401110624659151,1,1,222000,222000
1723808323308,2,0,0.0,0.0,0,0,222000,222000
1723808323494,2,10,2.2539225929999995,0.1313885043519957,1,1,222000,222000
1723808323494,2,0,0.0,0.0,0,0,222000,222000
1723808323615,3,1,9.847646,0.46678334,1,1,222000,222000
1723808323615,3,15,0.9349672333333332,0.1526263449106858,0,0,222000,222000
1723808323801,3,1,9.847645,0.21387544,1,1,222000,222000
1723808323801,3,15,0.8826941253333334,0.2685388715106859,0,0,222000,222000
1723808323801,2,9,1.964679,0.286420087017558,1,1,222000,222000
1723808323801,2,0,0.0,0.0,0,0,222000,222000
1723808324112,2,0,0.0,0.0,0,0,222000,222000
1723808324112,2,10,2.24782302,0.175751089205,1,1,222000,222000
1723808324112,3,15,0.8329976166666668,0.1804748822440191,0,0,222000,222000
1723808324112,3,1,9.718905,0.4231519,1,1,222000,222000
1723808324292,3,1,9.750615,0.07824263,1,1,222000,222000
1723808324292,3,15,0.7933769786666667,0.2146602168373524,0,0,222000,222000
1723808324292,2,10,2.24495065,0.0702246932,1,1,222000,222000
1723808324292,2,0,0.0,0.0,0,0,222000,222000
1723808324510,3,1,9.63589,0.3035868,1,1,222000,222000
1723808324510,3,15,0.7565298426666668,0.1711489437106858,0,0,222000,222000
1723808324607,3,1,9.55392,0.5353576,1,1,222000,222000
1723808324607,3,15,0.7384319866666667,0.1781709138440191,0,0,222000,222000
1723808324607,2,0,0.0,0.0,0,0,222000,222000
1723808324607,2,10,2.22934657,0.0573950456461,1,1,222000,222000
1723808324790,2,0,0.0,0.0,0,0,222000,222000
1723808324790,2,10,2.22956222,0.0357658122476,1,1,222000,222000
1723808325006,3,1,9.449331,0.45112404,1,1,222000,222000
1723808325006,3,16,0.6415685418750001,0.4335957445818161,0,0,222000,222000
1723808325107,3,1,9.449331,0.3678335,1,1,222000,222000
1723808325107,3,16,0.6282466700000001,0.3788048577818161,0,0,222000,222000
1723808325107,2,11,2.203108418181818,0.0146691663653654,1,1,222000,222000
1723808325107,2,0,0.0,0.0,0,0,222000,222000
1723808325296,2,11,2.211499809090909,0.0484964915699372,1,1,222000,222000
1723808325296,2,0,0.0,0.0,0,0,222000,222000
1723808325400,3,1,9.356935,0.27894413,1,1,222000,222000
1723808325400,3,16,0.5930830762500001,0.1454257058630661,0,0,222000,222000
1723808325400,2,12,2.5366918083333334,0.0853155809063316,1,1,222000,222000
1723808325400,2,0,0.0,0.0,0,0,222000,222000
1723808325602,3,1,9.293401,0.33730537,1,1,222000,222000
1723808325602,3,16,0.5748541343750001,0.1623345568443162,0,0,222000,222000
1723808325602,2,12,2.4671151366666666,0.199844434057037,1,1,222000,222000
1723808325602,2,0,0.0,0.0,0,0,222000,222000
1723808325791,2,12,2.478283116666667,0.0779131217094575,1,1,222000,222000
1723808325791,2,0,0.0,0.0,0,0,222000,222000
1723808326004,2,0,0.0,0.0,0,0,222000,222000
1723808326004,3,1,9.099542,0.6195234,1,1,222000,222000
1723808326004,3,16,0.5393583075000001,0.1115955796205661,0,0,222000,222000
1723808326004,2,12,2.4594945666666668,0.0502717185105762,1,1,222000,222000
1723808326096,3,1,9.099542,0.5291299,1,1,222000,222000
1723808326096,3,16,0.4845541462500001,0.272552175814143,0,0,222000,222000
1723808326096,2,12,2.395848116666666,0.2483789387228575,1,1,222000,222000
1723808326096,2,0,0.0,0.0,0,0,222000,222000
1723808326297,2,12,2.399048016666667,0.1624733274598922,1,1,222000,222000
1723808326297,2,0,0.0,0.0,0,0,222000,222000
1723808326297,3,1,9.176823,0.24603105,1,1,222000,222000
1723808326297,3,17,0.4245853194117648,0.2344390371427229,0,0,222000,222000
1723808326400,3,1,9.169669,0.20429611,1,1,222000,222000
1723808326400,3,17,0.4124473847058825,0.1718100299838993,0,0,222000,222000
1723808326502,3,1,9.169668,0.12910396,1,1,222000,222000
1723808326502,3,17,0.4069239523529412,0.1174136751062523,0,0,222000,222000
1723808326502,2,11,2.005946390909091,0.0275212022898571,1,1,222000,222000
1723808326502,2,0,0.0,0.0,0,0,222000,222000
1723808326604,2,0,0.0,0.0,0,0,222000,222000
1723808326604,2,11,1.9870599909090911,0.00080870185653,1,1,222000,222000
1723808326802,3,1,9.169666,0.010758201,1,1,222000,222000
1723808326802,3,18,0.3013394294444446,0.4745425607259155,0,0,222000,222000
1723808327009,2,11,2.3670273636363635,0.0431401402864363,1,1,222000,222000
1723808327009,2,0,0.0,0.0,0,0,222000,222000
1723808327107,2,11,2.388148218181818,0.1174091795591636,1,1,222000,222000
1723808327107,2,0,0.0,0.0,0,0,222000,222000
1723808327107,3,1,9.169667,0.0018148341,1,1,222000,222000
1723808327107,3,18,0.2729101183333334,0.1198919948453044,0,0,222000,222000
1723808327290,3,1,9.169667,0.00037056062,1,1,222000,222000
1723808327290,3,18,0.2603246500000001,0.0563259936709155,0,0,222000,222000
1723808327414,2,0,0.0,0.0,0,0,222000,222000
1723808327414,2,11,2.3675524818181817,0.0088638193218908,1,1,222000,222000
1723808327516,3,1,9.299591,0.44513088,1,1,222000,222000
1723808327516,3,17,0.2475249917647058,0.0196523904527694,0,0,222000,222000
1723808327516,2,11,2.3400643454545453,0.0906361663572,1,1,222000,222000
1723808327516,2,0,0.0,0.0,0,0,222000,222000
1723808327678,3,1,9.319982,0.25807714,1,1,222000,222000
1723808327678,3,16,0.2238210484374999,0.0552764060038987,0,0,222000,222000
1723808327678,2,11,2.3626701363636364,0.0082716188031635,1,1,222000,222000
1723808327678,2,0,0.0,0.0,0,0,222000,222000
1723808327910,2,0,0.0,0.0,0,0,222000,222000
1723808327910,2,12,2.345300575,0.0442741470246166,1,1,222000,222000
1723808327910,3,1,9.429573,0.38440406,1,1,222000,222000
1723808327910,3,15,0.1519037086666666,0.052516634957398,0,0,222000,222000
1723808328001,3,1,9.388058,0.09222454,1,1,222000,222000
1723808328001,3,15,0.1163245206666666,0.1573391174525366,0,0,222000,222000
1723808328001,2,11,2.448850612727272,0.312254291213709,1,1,222000,222000
1723808328001,2,0,0.0,0.0,0,0,222000,222000
1723808328092,2,11,2.4602218,0.3644404770182545,1,1,222000,222000
1723808328092,2,0,0.0,0.0,0,0,222000,222000
1723808328092,3,1,9.454459,0.18883918,1,1,222000,222000
1723808328092,3,15,0.1087388399999999,0.1797846227757033,0,0,222000,222000
1723808328309,3,1,9.540146,0.4004867,1,1,222000,222000
1723808328309,3,15,0.1087388326666666,0.0387789248957481,0,0,222000,222000
1723808328499,2,11,2.511633097272727,0.1693893179534362,1,1,222000,222000
1723808328499,2,0,0.0,0.0,0,0,222000,222000
1723808328591,2,0,0.0,0.0,0,0,222000,222000
1723808328591,2,11,2.522213833636364,0.178968006624709,1,1,222000,222000
1723808328807,3,2,6.6891567,0.19925808,1,1,222000,222000
1723808328807,3,14,0.0851255599999999,0.0172626497664092,0,0,222000,222000
1723808328807,2,11,2.601059658181818,0.3824142210202799,1,1,222000,222000
1723808328807,2,0,0.0,0.0,0,0,222000,222000
1723808328996,2,11,2.6607438909090915,0.46459953780157,1,1,222000,222000
1723808328996,2,0,0.0,0.0,0,0,222000,222000
1723808329110,3,2,6.749174200000001,0.0779390915,1,1,222000,222000
1723808329110,3,14,0.0851255599999999,0.0076830855508346,0,0,222000,222000
1723808329300,3,2,6.8176772,0.2467774039999999,1,1,222000,222000
1723808329300,3,14,0.0851255599999999,7.755409879023781e-05,0,0,222000,222000
1723808329300,2,11,2.8709291545454545,0.6383131240152633,1,1,222000,222000
1723808329300,2,0,0.0,0.0,0,0,222000,222000
1723808329496,3,13,0.0386933276923077,0.1083211895853397,0,0,222000,222000
1723808329496,3,2,6.88177245,0.2405481099999999,1,1,222000,222000
1723808329496,2,11,3.002587554545454,0.6538110476282951,1,1,222000,222000
1723808329496,2,0,0.0,0.0,0,0,222000,222000
1723808329598,3,2,6.88177295,0.132527083,1,1,222000,222000
1723808329598,3,14,0.0809394685714285,0.0761136495563975,0,0,222000,222000
1723808329810,2,11,3.179741054545455,0.5039396396452159,1,1,222000,111000
1723808329810,2,0,0.0,0.0,0,0,222000,111000
1723808329996,3,2,6.8496638,0.10551784275,1,1,111000,111000
1723808329996,3,15,0.5118328466666668,0.0126987294599556,0,0,111000,111000
1723808330100,3,2,6.795089900000001,0.064149519,1,1,111000,111000
1723808330100,3,16,0.5744541643749997,0.0286074400971075,0,0,111000,111000
1723808330100,2,10,2.8946439700000006,0.3993352209663596,1,1,111000,111000
1723808330100,2,0,0.0,0.0,0,0,111000,111000
1723808330301,3,2,6.7640812,0.195469465,1,1,111000,111000
1723808330301,3,16,0.5630495312499998,0.03568702035501,0,0,111000,111000
1723808330301,2,0,0.0,0.0,0,0,111000,111000
1723808330301,2,10,2.97737652,0.5210603639663597,1,1,111000,111000
1723808330520,2,10,3.15564475,0.6333256447663598,1,1,111000,111000
1723808330520,2,0,0.0,0.0,0,0,111000,111000
1723808330704,2,10,3.20535419,0.3473361484663596,1,1,111000,111000
1723808330704,2,0,0.0,0.0,0,0,111000,111000
1723808330704,3,2,6.689608,0.263100564,1,1,111000,111000
1723808330704,3,16,0.5835637499999998,0.025343999942571,0,0,111000,111000
1723808330796,2,10,3.24003685,0.3521197575863596,1,1,111000,111000
1723808330796,2,0,0.0,0.0,0,0,111000,111000
1723808330796,3,2,6.7491545,0.0489489099999999,1,1,111000,111000
1723808330796,3,16,0.5973995499999997,0.0441702333600794,0,0,111000,111000
1723808331014,2,10,3.34820885,0.3996317561823596,1,1,111000,111000
1723808331014,2,0,0.0,0.0,0,0,111000,111000
1723808331108,2,0,0.0,0.0,0,0,111000,111000
1723808331108,2,10,3.37887311,0.3588952464693596,1,1,111000,111000
1723808331108,3,2,6.799099,0.2337929965,1,1,111000,111000
1723808331108,3,16,0.5835350999999998,0.0004527720160737,0,0,111000,111000
1723808331288,3,2,6.7530799,0.058116652,1,1,111000,111000
1723808331288,3,16,0.5753571624999997,0.0323436204501356,0,0,111000,111000
1723808331288,2,10,3.39118505,0.1679353005593596,1,1,111000,111000
1723808331288,2,0,0.0,0.0,0,0,111000,111000
1723808331510,3,2,6.7614754,0.087451972,1,1,111000,111000
1723808331510,3,15,0.5608737999999996,0.0475952616123602,0,0,111000,111000
1723808331510,2,10,3.5217152900000004,0.4518716481436597,1,1,111000,111000
1723808331510,2,0,0.0,0.0,0,0,111000,111000
1723808331601,2,10,3.56879982,0.4949990339143596,1,1,111000,111000
1723808331601,3,2,6.7614759,0.054588671,1,1,111000,111000
1723808331601,3,15,0.553557033333333,0.0558970373853213,0,0,111000,111000
1723808331601,2,0,0.0,0.0,0,0,111000,111000
1723808332002,2,0,0.0,0.0,0,0,111000,111000
1723808332002,2,9,3.241763466666667,0.1236033265181774,1,1,111000,111000
1723808332002,3,15,0.5249269933333335,0.0845090087605043,0,0,111000,111000
1723808332002,3,2,6.70163975,0.0687777825,1,1,111000,111000
1723808332110,2,8,3.02493335,0.1339560437079495,1,1,111000,111000
1723808332110,2,0,0.0,0.0,0,0,111000,111000
1723808332298,3,15,0.5031747800000002,0.0714214971348653,0,0,111000,111000
1723808332298,2,8,3.0221004875,0.0291168605829495,1,1,111000,111000
1723808332298,2,0,0.0,0.0,0,0,111000,111000
1723808332298,3,2,6.70398225,0.010281611,1,1,111000,111000
1723808332389,3,2,6.70398225,0.0039757813,1,1,111000,111000
1723808332389,3,15,0.5031747533333335,0.0548322181687125,0,0,111000,111000
1723808332389,2,7,3.497426857142857,0.2007933124596556,1,1,111000,111000
1723808332389,2,0,0.0,0.0,0,0,111000,111000
1723808332612,3,15,0.4847169533333335,0.0663843920951268,0,0,111000,111000
1723808332612,3,2,6.73675385,0.0957825680999999,1,1,111000,111000
1723808332612,2,7,3.5696095857142858,0.3114697884596556,1,1,111000,111000
1723808332612,2,0,0.0,0.0,0,0,111000,111000
1723808332793,3,2,6.7329245,0.0128139635,1,1,111000,000000
1723808332793,3,15,0.4744480466666668,0.0788291282783349,0,0,111000,000000
1723808332793,2,7,4.304078207142857,0.3508394124707439,1,1,111000,000000
1723808332793,2,0,0.0,0.0,0,0,111000,000000
1723808333013,3,2,6.7329234,0.0146806045,1,1,000000,000000
1723808333013,3,15,0.4616123066666668,0.0597793770337199,0,0,000000,000000
1723808333013,2,8,3.907989025,0.070392869963099,1,1,000000,000000
1723808333013,2,0,0.0,0.0,0,0,000000,000000
1723808333104,2,8,3.978357075,0.402600908713099,1,1,000000,000000
1723808333104,2,0,0.0,0.0,0,0,000000,000000
1723808333104,3,2,6.6995334,0.128266955,1,1,000000,000000
1723808333104,3,15,0.4610089466666667,0.0420977171538816,0,0,000000,000000
1723808333288,2,8,4.044110905,0.5489288173750001,1,1,000000,000000
1723808333288,2,0,0.0,0.0,0,0,000000,000000
1723808333506,2,0,0.0,0.0,0,0,000000,000000
1723808333506,3,2,6.771260600000001,0.14210161,1,1,000000,000000
1723808333506,3,14,0.2829261642857142,0.0663009490248248,0,0,000000,000000
1723808333506,2,8,3.8324615975,0.6389315792375,1,1,000000,000000
1723808333598,3,14,0.2776180714285713,0.0658434039533962,0,0,000000,000000
1723808333598,2,8,3.83174622125,0.4499505114374999,1,1,000000,000000
1723808333598,3,2,6.78882405,0.162011905,1,1,000000,000000
1723808333598,2,0,0.0,0.0,0,0,000000,000000
1723808333798,3,14,0.2605022857142856,0.0709003712891105,0,0,000000,000000
1723808333798,2,0,0.0,0.0,0,0,000000,000000
1723808333798,2,8,3.76855558,0.3287026637499999,1,1,000000,000000
1723808333798,3,2,6.77941485,0.007884834,1,1,000000,000000
1723808333999,3,2,6.77941485,0.0064115744999999,1,1,000000,000000
1723808333999,3,14,0.2455649857142856,0.0810396222748248,0,0,000000,000000
1723808333999,2,8,3.7444724125,0.116878721775,1,1,000000,000000
1723808333999,2,0,0.0,0.0,0,0,000000,000000
1723808334200,2,8,3.7165766625,0.022169905875,1,1,000000,000000
1723808334200,2,0,0.0,0.0,0,0,000000,000000
1723808334200,3,2,6.83673365,0.1987685459,1,1,000000,000000
1723808334200,3,14,0.2271869285714285,0.0799514413178605,0,0,000000,000000
1723808334298,3,2,6.902432650000001,0.454074145,1,1,000000,000000
1723808334298,3,14,0.2218845214285713,0.0742628437105391,0,0,000000,000000
1723808334512,3,2,6.8710743,0.070859476,1,1,000000,000000
1723808334512,3,14,0.2062338214285713,0.0615205749812533,0,0,000000,000000
1723808334512,2,7,4.212970628571428,0.0478038791428571,1,1,000000,000000
1723808334512,2,0,0.0,0.0,0,0,000000,000000
1723808334604,2,7,4.220352642857143,0.0318922547142857,1,1,000000,000000
1723808334604,2,0,0.0,0.0,0,0,000000,000000
1723808334604,3,2,6.8710743,0.0109045285,1,1,000000,000000
1723808334604,3,14,0.1977624357142856,0.0748978061091105,0,0,000000,000000
1723808335005,3,2,6.9043188,0.106124318665,1,1,000000,000000
1723808335005,3,14,0.1695598714285713,0.0711401159901819,0,0,000000,000000
1723808335005,2,8,4.1853190075,0.407804205625,1,1,000000,000000
1723808335005,2,0,0.0,0.0,0,0,000000,000000
1723808335097,3,2,6.9043188,0.14178759415,1,1,000000,000000
1723808335097,3,14,0.1640132999999999,0.0695805504945533,0,0,000000,000000
1723808335097,2,8,4.1777306075,0.3568712096925,1,1,000000,000000
1723808335097,2,0,0.0,0.0,0,0,000000,000000
1723808335499,2,8,4.122439375000001,0.2297627258,1,1,000000,000000
1723808335499,2,0,0.0,0.0,0,0,000000,000000
1723808335499,3,14,0.1352732857142856,0.0718031415611633,0,0,000000,000000
1723808335499,3,2,6.8779369500000005,0.112450178,1,1,000000,000000
1723808335596,2,8,4.088317295,0.3088984313721249,1,1,000000,000000
1723808335596,2,0,0.0,0.0,0,0,000000,000000
1723808335804,3,1,3.7026708,0.26253146,1,1,000000,000000
1723808335804,3,15,0.1829215066666666,0.0834548338562471,0,0,000000,000000
1723808336002,2,6,4.27323345,0.7065680706333333,1,1,000000,000000
1723808336002,2,0,0.0,0.0,0,0,000000,000000
1723808336104,3,1,3.7026708,0.012856705,1,1,000000,000000
1723808336104,2,6,4.306712583333334,0.4264124680999999,1,1,000000,000000
1723808336104,2,0,0.0,0.0,0,0,000000,000000
1723808336104,3,15,0.1535595399999999,0.0938344658612616,0,0,000000,000000
1723808336288,3,15,0.1380921693333333,0.095178196623365,0,0,000000,000000
1723808336288,3,1,3.7026708,0.0152155515,1,1,000000,000000
1723808336288,2,6,4.191056666666666,0.4896521706583334,1,1,000000,000000
1723808336288,2,0,0.0,0.0,0,0,000000,000000
1723808336506,3,15,0.1256027626666666,0.0609184071596403,0,0,000000,000000
1723808336506,2,6,4.033542316666667,0.6670606454716665,1,1,000000,000000
1723808336506,2,0,0.0,0.0,0,0,000000,000000
1723808336506,3,1,3.7026708,0.0016602743,1,1,000000,000000
1723808336597,3,1,3.6272326,0.26647538,1,1,000000,000000
1723808336597,3,15,0.1215170266666666,0.052416626198903,0,0,000000,000000
1723808336597,2,6,3.990542833333333,0.6872118551166667,1,1,000000,000000
1723808336597,2,0,0.0,0.0,0,0,000000,000000
1723808336814,2,0,0.0,0.0,0,0,000000,000000
1723808336814,2,6,3.934219416666666,0.35540692209345,1,1,000000,000000
1723808336997,2,0,0.0,0.0,0,0,000000,000000
1723808336997,2,6,3.890946566666667,0.2830789300701666,1,1,000000,000000
1723808336997,3,1,3.62104,0.039997276,1,1,000000,000000
1723808336997,3,15,0.1158331166666666,0.0150083139221392,0,0,000000,000000
1723808337089,2,6,3.821468033333333,0.4559583583638999,1,1,000000,000000
1723808337089,2,0,0.0,0.0,0,0,000000,000000
1723808337310,3,1,3.6148841,0.020474192,1,1,000000,000000
1723808337310,3,15,0.0954257773333333,0.0748634805645274,0,0,000000,000000
1723808337310,2,5,3.5093618,0.4184113488,1,1,000000,000000
1723808337310,2,0,0.0,0.0,0,0,000000,000000
1723808337494,2,5,3.36581036,0.6642363120000001,1,1,000000,000000
1723808337494,2,0,0.0,0.0,0,0,000000,000000
1723808337802,2,5,3.25267182,0.3136540968,1,1,000000,000000
1723808337802,2,0,0.0,0.0,0,0,000000,000000
1723808337802,3,15,0.0440627866666666,0.1948294380778607,0,0,000000,000000
1723808337802,3,1,3.6351197,0.00616246,1,1,000000,000000
1723808338002,2,5,3.1811957,0.2478109439999999,1,1,000000,000000
1723808338002,2,0,0.0,0.0,0,0,000000,000000
1723808338002,3,1,3.6351197,0.0035101087,1,1,000000,000000
1723808338002,3,15,0.0417142493333333,0.0231877731445274,0,0,000000,000000
1723808338100,3,1,3.6351197,0.002540161,1,1,000000,000000
1723808338100,3,15,0.041714248,0.0016183987221392,0,0,000000,000000
1723808338308,2,5,2.887710052,0.910120222,1,1,000000,000000
1723808338308,2,1,1.220812,0.757581,0,0,000000,000000
1723808338493,3,15,0.0397589339999999,0.0035777733711941,0,0,000000,000000
1723808338493,3,1,3.6017082,0.028018508,1,1,000000,000000
1723808338493,2,1,1.1032059,0.9493861,0,0,000000,000000
1723808338493,2,5,2.825485512,0.6517657459999999,1,1,000000,000000
1723808338805,3,1,3.6628282,0.11686878,1,1,000000,000011
1723808338805,3,15,0.0397589339999999,0.0003416355711941,0,0,000000,000011
1723808338805,2,5,2.668657908,0.5650125408,1,1,000000,000011
1723808338805,2,1,1.0940337,0.08866131,0,0,000000,000011
1723808338896,3,1,3.6628282,0.055504076,1,1,000011,000011
1723808338896,3,15,0.0397589339999999,9.989415472554008e-06,0,0,000011,000011
1723808338896,2,5,2.57927643,0.814136782,1,1,000011,000011
1723808338896,2,1,1.1092995,0.034366682,0,0,000011,000011
1723808339115,2,1,1.1275884,0.16830051,0,0,000011,000011
1723808339115,2,5,2.464862882,0.5648066408899999,1,1,000011,000011
1723808339115,3,15,0.0397589339999999,0.0001203214136058,0,0,000011,000011
1723808339115,3,1,3.6628282,0.010837197,1,1,000011,000011
1723808339292,3,1,3.6628282,0.007499299,1,1,000011,000011
1723808339292,3,15,0.0397589339999999,3.305741313922067e-05,0,0,000011,000011
1723808339292,2,4,2.0123969075,0.29147051925,1,1,000011,000011
1723808339292,2,1,0.9555842,0.87318337,0,0,000011,000011
1723808339387,2,5,2.86324974,0.1650104072,1,1,000011,000011
1723808339387,2,1,0.9555842,0.8046871,0,0,000011,000011
1723808339508,3,1,3.6628282,0.00033433922,1,1,000011,000011
1723808339508,3,16,0.018873010625,0.0556368067629319,0,0,000011,000011
1723808339604,2,5,2.718814048,0.4644777559999999,1,1,000011,000011
1723808339604,2,1,0.80646765,0.7318884,0,0,000011,000011
1723808339604,3,1,3.6628282,0.0003492423,1,1,000011,000011
1723808339604,3,16,0.018929260625,0.0330462180046194,0,0,000011,000011
1723808339804,2,1,0.7383246,0.33222505,0,0,000011,000011
1723808339804,3,0,0.0,0.0,1,1,000011,000011
1723808339804,2,5,2.742801784,0.1098342858999999,1,1,000011,000011
1723808339804,3,16,0.018929260625,0.0014278923592805,0,0,000011,000011
1723808340011,2,5,2.625808448,0.31097217044,1,1,000011,000011
1723808340011,2,1,0.7383246,0.01810829,0,0,000011,000011
1723808340109,3,15,0.001,0.0012968140941114,0,0,000011,000011
1723808340109,3,0,0.0,0.0,1,1,000011,000011
1723808340109,2,1,1.0793132,1.2457057,0,0,000011,000011
1723808340109,2,5,2.611668308,0.2903511375599999,1,1,000011,000011
1723808340292,2,5,2.5556062840000004,0.324831335836,1,1,000011,000011
1723808340292,2,1,1.1369873,1.2449229,0,0,000011,000011
1723808340292,3,0,0.0,0.0,1,1,000011,000011
1723808340292,3,15,0.001,7.786350169922066e-05,0,0,000011,000011
1723808340509,2,5,2.3860835719999995,0.634609312,1,1,000011,000011
1723808340509,2,1,1.1369873,0.09896076,0,0,000011,000011
1723808340509,3,0,0.0,0.0,1,1,000011,000011
1723808340509,3,15,0.001,0.0001374411911776,0,0,000011,000011
1723808340600,2,5,2.386808546,0.577085682,1,1,000011,000011
1723808340600,2,1,1.1369873,0.031280354,0,0,000011,000011
1723808340600,3,0,0.0,0.0,1,1,000011,000011
1723808340600,3,15,0.001,8.823790244211267e-05,0,0,000011,000011
1723808341000,3,15,0.001,7.340762952260666e-06,0,0,000011,000011
1723808341000,3,0,0.0,0.0,1,1,000011,000011
1723808341000,2,4,1.363482135,0.3044638845,1,1,000011,000011
1723808341000,2,1,1.1369873,0.008205314,0,0,000011,000011
1723808341091,3,0,0.0,0.0,1,1,000011,000011
1723808341091,3,15,0.001,5.481841406067333e-06,0,0,000011,000011
1723808341091,2,4,1.3255186575,0.30615740375,1,1,000011,000011
1723808341091,2,1,1.1369873,0.00027157553,0,0,000011,000011
1723808341310,3,0,0.0,0.0,1,1,000011,000011
1723808341310,3,15,0.001,3.33022606936e-07,0,0,000011,000011
1723808341310,2,4,1.250776275,0.3118484115,1,1,000011,000011
1723808341310,2,1,1.1369873,0.002480975,0,0,000011,000011
1723808341492,2,1,1.1369873,0.0006450765,0,0,000011,000011
1723808341492,2,4,1.202684025,0.3114148111375,1,1,000011,000011
1723808341614,3,15,0.001,2.105397842640001e-07,0,0,000011,000011
1723808341614,3,0,0.0,0.0,1,1,000011,000011
1723808341791,2,4,1.057679675,0.4085493834,1,1,000011,000011
1723808341791,2,0,0.0,0.0,0,0,000011,000011
1723808341791,3,0,0.0,0.0,1,1,000011,000011
1723808341791,3,15,0.001,4.439088239733332e-08,0,0,000011,000011
1723808342010,2,4,0.9713426,0.36224730121,1,1,000011,000011
1723808342010,2,0,0.0,0.0,0,0,000011,000011
1723808342010,3,0,0.0,0.0,1,1,000011,000011
1723808342010,3,15,0.001,1.5703028615999997e-08,0,0,000011,000011
1723808342107,3,0,0.0,0.0,1,1,000011,000011
1723808342107,3,15,0.001,1.2654581920333331e-08,0,0,000011,000011
1723808342107,2,5,1.88254338,0.3050459773,1,1,000011,000011
1723808342107,2,0,0.0,0.0,0,0,000011,000011
1723808342292,2,0,0.0,0.0,0,0,000011,000011
1723808342292,2,5,1.82060142,0.358472859404,1,1,000011,000011
1723808342410,3,0,0.0,0.0,1,1,000011,000011
1723808342410,3,15,0.001,2.378885146666667e-10,0,0,000011,000011
1723808342594,3,0,0.0,0.0,1,1,000011,000011
1723808342594,3,15,0.001,7.27817408e-10,0,0,000011,000011
1723808342594,2,5,1.7478361040000003,0.3664202768123999,1,1,000011,000011
1723808342594,2,0,0.0,0.0,0,0,000011,000011
1723808342806,3,0,0.0,0.0,1,1,000011,000011
1723808342806,3,15,0.001,1.8345548133333332e-10,0,0,000011,000011
1723808342904,3,0,0.0,0.0,1,1,000011,000021
1723808342904,3,15,0.001,1.0124642533333331e-10,0,0,000011,000021
1723808342904,2,5,1.6716486080000004,0.29125983434138,1,1,000011,000021
1723808342904,2,0,0.0,0.0,0,0,000011,000021
1723808343090,2,0,0.0,0.0,0,0,000021,000021
1723808343090,2,5,1.6718085340000002,0.1531011923124339,1,1,000021,000021
1723808343304,3,0,0.0,0.0,1,1,000021,000021
1723808343304,3,15,0.001,7.384193533333333e-11,0,0,000021,000021
1723808343304,2,5,1.6161625700000002,0.1483901881444499,1,1,000021,000021
1723808343304,2,0,0.0,0.0,0,0,000021,000021
1723808343504,2,5,1.5509523,0.0921922438648372,1,1,000021,000021
1723808343504,2,0,0.0,0.0,0,0,000021,000021
1723808343504,3,0,0.0,0.0,1,1,000021,000021
1723808343504,3,15,0.001,7.384193533333333e-11,0,0,000021,000021
1723808343701,3,0,0.0,0.0,1,1,000021,000021
1723808343701,3,15,0.001,7.384193533333333e-11,0,0,000021,000021
1723808343701,2,5,1.4256278720000002,0.4444157763911511,1,1,000021,000021
1723808343701,2,0,0.0,0.0,0,0,000021,000021
1723808343802,2,0,0.0,0.0,0,0,000021,000021
1723808343802,2,5,1.212781202,1.097170801897883,1,1,000021,000021
1723808344006,3,0,0.0,0.0,1,1,000021,000021
1723808344006,3,15,0.001,7.384193533333333e-11,0,0,000021,000021
1723808344104,3,0,0.0,0.0,1,1,000021,000021
1723808344104,3,15,0.001,7.384193533333333e-11,0,0,000021,000021
1723808344104,2,5,1.002989722,0.8627510739209827,1,1,000021,000021
1723808344104,2,0,0.0,0.0,0,0,000021,000021
1723808344294,2,6,0.95460324,0.2013865382674916,1,1,000021,000021
1723808344294,2,0,0.0,0.0,0,0,000021,000021
1723808344500,3,0,0.0,0.0,1,1,000021,000021
1723808344500,3,15,0.001,7.384193533333333e-11,0,0,000021,000021
1723808344500,2,6,0.8910209994999999,0.180129931600825,1,1,000021,000021
1723808344500,2,0,0.0,0.0,0,0,000021,000021
1723808344592,2,0,0.0,0.0,0,0,000021,000021
1723808344592,2,6,0.8812731928333334,0.2129015399341583,1,1,000021,000021
1723808344806,3,0,0.0,0.0,1,1,000021,000021
1723808344806,3,15,0.001,7.384193533333333e-11,0,0,000021,000021
1723808344806,2,6,0.8476676995,0.157527991100825,1,1,000021,000021
1723808344806,2,0,0.0,0.0,0,0,000021,000021
1723808344990,2,6,0.8438500078333333,0.074661945150825,1,1,000021,000021
1723808344990,2,0,0.0,0.0,0,0,000021,000021
1723808344990,3,0,0.0,0.0,1,1,000021,000021
1723808344990,3,16,0.1652168749999999,6.922681437499999e-11,0,0,000021,000021
1723808345114,2,6,0.8503091228333334,0.0604003276674916,1,1,000021,000021
1723808345114,2,0,0.0,0.0,0,0,000021,000021
1723808345298,3,16,0.1575977499999999,0.0947837313436325,0,0,000021,000021
1723808345298,3,0,0.0,0.0,1,1,000021,000021
1723808345298,2,6,0.8469381778333332,0.008734816550825,1,1,000021,000021
1723808345298,2,0,0.0,0.0,0,0,000021,000021
1723808345508,2,5,0.284170328,0.4760333882850099,1,1,000021,000021
1723808345508,2,0,0.0,0.0,0,0,000021,000021
1723808345603,2,5,0.139819326,0.06875691932899,1,1,000021,000021
1723808345603,2,0,0.0,0.0,0,0,000021,000021
1723808345603,3,0,0.0,0.0,1,1,000021,000021
1723808345603,3,17,0.1744055470588235,0.0583499963822423,0,0,000021,000021
1723808345794,3,0,0.0,0.0,1,1,000021,000021
1723808345794,3,17,0.1744055470588235,0.0154740568528305,0,0,000021,000021
1723808345794,2,4,0.1508288975,0.3252774675762375,1,1,000021,000021
1723808345794,2,0,0.0,0.0,0,0,000021,000021
1723808346009,3,0,0.0,0.0,1,1,000021,000021
1723808346009,3,17,0.2170568552941176,0.1442747757942282,0,0,000021,000021
1723808346100,3,0,0.0,0.0,1,1,000021,000021
1723808346100,3,17,0.1713424388235294,0.0654401694998894,0,0,000021,000021
1723808346297,2,0,0.0,0.0,0,0,000021,000021
1723808346297,2,5,0.557730616,0.5003633960129901,1,1,000021,000021
1723808346504,3,0,0.0,0.0,1,1,000021,000021
1723808346504,3,17,0.1673019329411764,0.0520509112645953,0,0,000021,000021
1723808346504,2,5,0.654485668,0.1662320159030099,1,1,000021,000021
1723808346504,2,0,0.0,0.0,0,0,000021,000021
1723808346602,2,5,0.654485668,0.1789213906176099,1,1,000021,000021
1723808346602,2,0,0.0,0.0,0,0,000021,000021
1723808346804,3,0,0.0,0.0,1,1,000021,000022
1723808346804,3,17,0.1335175194117646,0.1325118536175364,0,0,000021,000022
1723808346804,2,4,0.68451875,0.1960527064662375,1,1,000021,000022
1723808346804,2,0,0.0,0.0,0,0,000021,000022
1723808347112,2,0,0.0,0.0,0,0,000022,000022
1723808347112,2,4,0.6157204749999999,0.2466409976262375,1,1,000022,000022
1723808347112,3,0,0.0,0.0,1,1,000022,000022
1723808347112,3,17,0.03262182,0.4050094850528307,0,0,000022,000022
1723808347291,3,0,0.0,0.0,1,1,000022,000022
1723808347291,3,17,0.0836336623529411,0.0016650130883458,0,0,000022,000022
1723808347291,2,4,0.5767530249999999,0.2481772451277375,1,1,000022,000022
1723808347291,2,0,0.0,0.0,0,0,000022,000022
1723808347509,2,4,0.3437279225,0.8645181525324876,1,1,000022,000022
1723808347509,2,0,0.0,0.0,0,0,000022,000022
1723808347509,3,0,0.0,0.0,1,1,000022,000022
1723808347509,3,17,0.0812788588235293,0.0921874552059929,0,0,000022,000022
1723808347600,3,0,0.0,0.0,1,1,000022,000022
1723808347600,2,4,0.3245142475,0.9222371454912376,1,1,000022,000022
1723808347600,2,0,0.0,0.0,0,0,000022,000022
1723808347600,3,17,0.0326218294117647,0.1186639869116541,0,0,000022,000022
1723808347732,2,0,0.0,0.0,0,0,000022,000022
1723808347732,2,4,0.281531895,0.5750834989294875,1,1,000022,000022
1723808347891,2,4,0.209207095,0.4156994783621625,1,1,000022,000022
1723808347891,2,0,0.0,0.0,0,0,000022,000022
1723808347996,2,4,0.178553045,0.4064432535830625,1,1,000022,000022
1723808347996,2,0,0.0,0.0,0,0,000022,000022
1723808347996,3,0,0.0,0.0,1,1,000022,000022
1723808347996,3,17,0.0785710205882352,0.180465810541287,0,0,000022,000022
1723808348092,3,0,0.0,0.0,1,1,000022,000022
1723808348092,3,17,0.0304111852941176,0.020321823794007,0,0,000022,000022
1723808348304,2,4,0.17060773,0.0889853744153675,1,1,000022,000022
1723808348304,2,0,0.0,0.0,0,0,000022,000022
1723808348304,3,0,0.0,0.0,1,1,000022,000022
1723808348304,3,17,0.0191453305882352,0.1134487700175364,0,0,000022,000022
1723808348500,3,17,0.0351103735294117,0.0253107408765811,0,0,000022,000022
1723808348500,2,0,0.0,0.0,0,0,000022,000022
1723808348500,3,0,0.0,0.0,1,1,000022,000022
1723808348500,2,4,0.1706077375,0.0038370811247824,1,1,000022,000022
1723808348600,2,4,0.17060773,0.0088469515119124,1,1,000022,000022
1723808348600,2,0,0.0,0.0,0,0,000022,000022
1723808348804,3,0,0.0,0.0,1,1,000022,000022
1723808348804,3,17,0.0212128370588235,0.0314108734310659,0,0,000022,000022
1723808348804,2,4,0.17060773,0.003492968079375,1,1,000022,000022
1723808348804,2,0,0.0,0.0,0,0,000022,000022
1723808348897,2,4,0.1706077375,0.0015468392523903,1,1,000022,000022
1723808348897,3,0,0.0,0.0,1,1,000022,000022
1723808348897,3,17,0.0212128388235294,0.0182328484410658,0,0,000022,000022
1723808348897,2,0,0.0,0.0,0,0,000022,000022
1723808349003,3,17,0.0186777729411764,0.0116536046094188,0,0,000022,000022
1723808349003,3,0,0.0,0.0,1,1,000022,000022
1723808349003,2,0,0.0,0.0,0,0,000022,000022
1723808349003,2,4,0.170607745,0.0003349229996492,1,1,000022,000022
1723808349104,3,0,0.0,0.0,1,1,000022,000022
1723808349104,3,17,0.0186777747058823,0.0062894321475364,0,0,000022,000022
1723808349296,2,4,0.1706077525,0.0002529410688863,1,1,000022,000022
1723808349296,2,0,0.0,0.0,0,0,000022,000022
1723808349504,3,0,0.0,0.0,1,1,000022,000022
1723808349504,3,17,0.0186777764705882,0.0006998873639164,0,0,000022,000022
1723808349504,2,4,0.17060776,8.312064550372498e-06,1,1,000022,000022
1723808349504,2,0,0.0,0.0,0,0,000022,000022
1723808349594,2,4,0.17060776,1.36400071996275e-05,1,1,000022,000022
1723808349594,2,0,0.0,0.0,0,0,000022,000022
1723808349594,3,0,0.0,0.0,1,1,000022,000022
1723808349594,3,17,0.0234070102941176,0.016810974498761,0,0,000022,000022
1723808349806,3,0,0.0,0.0,1,1,000022,000022
1723808349806,3,17,0.0636485799999999,0.1633044535416329,0,0,000022,000022
1723808349896,3,0,0.0,0.0,1,1,000022,000022
1723808349896,3,17,0.0713830070588235,0.1252282255952152,0,0,000022,000022
1723808349995,3,0,0.0,0.0,1,1,000022,000022
1723808349995,3,17,0.0773516899999999,0.0964549914623269,0,0,000022,000022
1723808349995,2,2,0.001,3.089925499999998e-11,1,1,000022,000022
1723808349995,2,0,0.0,0.0,0,0,000022,000022
1723808350104,3,17,0.0799143517647058,0.0342567044570534,0,0,000022,000022
1723808350104,2,2,0.001,3.089925499999998e-11,1,1,000022,000022
1723808350104,2,0,0.0,0.0,0,0,000022,000022
1723808350104,3,0,0.0,0.0,1,1,000022,000022
1723808350299,2,0,0.0,0.0,0,0,000022,000022
1723808350299,2,2,0.001,3.089925499999998e-11,1,1,000022,000022
1723808350299,3,0,0.0,0.0,1,1,000022,000022
1723808350299,3,17,0.0874802117647058,0.0405760175819269,0,0,000022,000022
1723808350394,2,2,0.001,3.089925499999998e-11,1,1,000022,000022
1723808350394,2,0,0.0,0.0,0,0,000022,000022
1723808350512,3,0,0.0,0.0,1,1,000022,000022
1723808350512,3,17,0.1617259752941175,0.2873939362201093,0,0,000022,000022
1723808350607,3,0,0.0,0.0,1,1,000022,000022
1723808350607,3,17,0.1790609917647058,0.3024844104307714,0,0,000022,000022
1723808350607,2,2,0.001,3.089925499999998e-11,1,1,000022,000022
1723808350607,2,0,0.0,0.0,0,0,000022,000022
1723808350787,2,2,0.001,3.089925499999998e-11,1,1,000022,000022
1723808350787,2,0,0.0,0.0,0,0,000022,000022
1723808351002,3,17,0.2633500517647058,0.207595800274138,0,0,000022,000022
1723808351002,2,0,0.0,0.0,0,0,000022,000022
1723808351002,3,0,0.0,0.0,1,1,000022,000022
1723808351002,2,2,0.001,0.067966224802475,1,1,000022,000022
1723808351091,3,0,0.0,0.0,1,1,000022,000022
1723808351091,3,17,0.280324854117647,0.0907696545986639,0,0,000022,000022
1723808351091,2,2,0.1836441,0.2611435001975249,1,1,000022,000022
1723808351091,2,0,0.0,0.0,0,0,000022,000022
1723808351310,2,2,0.1853155,0.1753673101975249,1,1,000022,000022
1723808351310,2,0,0.0,0.0,0,0,000022,000022
1723808351310,3,0,0.0,0.0,1,1,000022,000022
1723808351310,3,17,0.2705875288235295,0.0702066010158458,0,0,000022,000022
1723808351492,3,0,0.0,0.0,1,1,000022,000022
1723808351492,3,17,0.3369799558823531,0.0979761454428584,0,0,000022,000022
1723808351610,2,2,0.17676302,0.2328367251975249,1,1,000022,000022
1723808351610,2,0,0.0,0.0,0,0,000022,000022
1723808351804,3,0,0.0,0.0,1,1,000022,000022
1723808351804,3,17,0.3514184588235295,0.0913787217193323,0,0,000022,000022
1723808352000,2,0,0.0,0.0,0,0,000022,000022
1723808352000,2,2,0.001,0.255641519802475,1,1,000022,000022
1723808352103,2,2,0.001,0.149807124802475,1,1,000022,000022
1723808352103,2,0,0.0,0.0,0,0,000022,000022
1723808352103,3,0,0.0,0.0,1,1,000022,000022
1723808352103,3,17,0.561210055882353,0.6039242267193325,0,0,000022,000022
1723808352298,3,0,0.0,0.0,1,1,000022,000022
1723808352298,3,16,0.6358859250000001,0.4597384293267907,0,0,000022,000022
1723808352298,2,2,0.001,0.0089032671975249,1,1,000022,000022
1723808352298,2,0,0.0,0.0,0,0,000022,000022
1723808352394,2,2,0.001,0.0165866751975249,1,1,000022,000022
1723808352394,2,0,0.0,0.0,0,0,000022,000022
1723808352513,3,0,0.0,0.0,1,1,000022,000022
1723808352513,3,16,0.68481304,0.1964228824517907,0,0,000022,000022
1723808352608,2,0,0.0,0.0,0,0,000022,000022
1723808352608,2,2,0.001,0.0057727556975249,1,1,000022,000022
1723808352608,3,16,0.6693530837500001,0.1072715724517907,0,0,000022,000022
1723808352608,3,0,0.0,0.0,1,1,000022,000022
1723808352999,2,2,0.8003631,1.823259500197525,1,1,000022,000022
1723808352999,2,1,3.7204168,0.463055,0,0,000022,000022
1723808352999,3,0,0.0,0.0,1,1,000022,000022
1723808352999,3,16,0.650560345,0.0506452925738306,0,0,000022,000022
1723808353093,3,0,0.0,0.0,1,1,000022,000022
1723808353093,3,16,0.6475396550000001,0.0553649870738306,0,0,000022,000022
1723808353306,2,2,0.73796115,0.5245486498024751,1,1,000022,000022
1723808353306,2,1,3.8521028,0.20773636,0,0,000022,000022
1723808353306,3,0,0.0,0.0,1,1,000022,000022
1723808353306,3,16,0.6879909937499996,0.1297267586761693,0,0,000022,000022
1723808353394,2,1,3.6278307,0.5555194,0,0,000022,000022
1723808353394,3,16,0.6769073243749997,0.0743051826136693,0,0,000022,000022
1723808353394,3,0,0.0,0.0,1,1,000022,000022
1723808353394,2,2,0.7379610999999999,0.5657995998024751,1,1,000022,000022
1723808353490,3,0,0.0,0.0,1,1,000022,000022
1723808353490,3,16,0.7204998374999997,0.1848304680511693,0,0,000022,000022
1723808353608,2,2,0.9097837,0.5412727001975249,1,1,000022,000022
1723808353608,2,1,3.6763484,0.20399475,0,0,000022,000022
1723808353802,3,0,0.0,0.0,1,1,000022,000022
1723808353802,3,16,0.6294977249999997,0.3465967375738306,0,0,000022,000022
1723808354000,2,2,0.6740836499999999,0.409543549802475,1,1,000022,000022
1723808354000,2,1,3.820684,0.35594347,0,0,000022,000022
1723808354101,3,16,0.6877359687499998,0.1474214449261693,0,0,000022,000022
1723808354101,3,0,0.0,0.0,1,1,000022,000022
1723808354101,2,1,3.833229,0.19976155,0,0,000022,000022
1723808354101,2,2,0.89660745,0.6345407001975248,1,1,000022,000022
1723808354300,3,0,0.0,0.0,1,1,000022,000022
1723808354300,3,16,0.7028450812499998,0.1681849940511693,0,0,000022,000022
1723808354300,2,2,0.6228112499999999,0.4768920848024751,1,1,000022,000022
1723808354300,2,1,3.7031286,0.5955535,0,0,000022,000022
1723808354497,2,2,0.7451359999999999,0.0188575386975249,1,1,000022,000022
1723808354497,2,1,3.351532,1.2445543,0,0,000022,000022
1723808354497,3,0,0.0,0.0,1,1,000022,000022
1723808354497,3,16,0.7197681968749996,0.0797861564261693,0,0,000022,000022
1723808354607,3,16,0.7278667218749998,0.0743419662074193,0,0,000022,000022
1723808354607,2,2,0.8647252499999999,0.6625286501975249,1,1,000022,000022
1723808354607,3,0,0.0,0.0,1,1,000022,000022
1723808354607,2,1,3.5419319,0.17942518,0,0,000022,000022
1723808354794,2,2,0.6764496999999999,0.431429199802475,1,1,000022,000022
1723808354794,2,1,3.4974735,0.051130086,0,0,000022,000022
1723808355002,3,16,0.7568422649999998,0.1119387076886693,0,0,000022,000022
1723808355002,3,0,0.0,0.0,1,1,000022,000022
1723808355314,3,1,9.69118,0.15822917,1,1,000022,000022
1723808355314,3,17,1.1018692176470593,0.0403935958487476,0,0,000022,000022
1723808355314,2,2,0.7320266,0.287526149802475,1,1,000022,000022
1723808355314,2,2,3.364585,0.063703099,0,0,000022,000022
1723808355493,3,1,9.695054,0.08607659,1,1,000022,000022
1723808355493,3,16,1.2054079343750006,0.1501167242517277,0,0,000022,000022
1723808355493,2,2,0.7511795499999999,0.222885729802475,1,1,000022,000022
1723808355493,2,2,3.1806215,0.7276004899999999,0,0,000022,000022
1723808355802,2,2,0.4304108,1.2696091998024752,1,1,000022,000022
1723808355802,2,2,3.00085275,0.581985695,0,0,000022,000022
1723808355802,3,1,9.844354,0.3642087,1,1,000022,000022
1723808355802,3,15,0.8790296633333331,0.0185579466150428,0,0,000022,000022
1723808355984,3,15,0.8662201219999999,0.0551746508284904,0,0,000022,000022
1723808355984,3,1,9.844354,0.18530232,1,1,000022,000022
1723808356106,2,2,0.7938786999999999,0.7016859501975249,1,1,000022,000022
1723808356106,2,2,2.6553816,0.878962675,0,0,000022,000022
1723808356294,2,2,0.67734595,0.078757699802475,1,1,000022,000022
1723808356294,2,2,2.48170845,1.069093005,0,0,000022,000022
1723808356294,3,1,9.933626,0.2016019,1,1,000022,000022
1723808356294,3,15,0.8889667933333331,0.0749124299396562,0,0,000022,000022
1723808356386,3,1,9.933626,0.10406568,1,1,000022,000022
1723808356386,3,15,0.8950312179999997,0.0957989680964429,0,0,000022,000022
1723808356506,2,2,0.7442554499999999,0.1291870601975249,1,1,000022,000022
1723808356506,2,2,2.1346394,1.243320365,0,0,000022,000022
1723808356692,3,16,0.8322518999999997,0.030421482070616,0,0,000022,000022
1723808356692,2,1,3.1718616,0.74251705,0,0,000022,000022
1723808356692,2,2,0.8212577,0.4287732851975249,1,1,000022,000022
1723808356692,3,1,9.975668,0.10913581,1,1,000022,000022
1723808356804,3,1,9.975668,0.06234153,1,1,000022,000022
1723808356804,3,16,0.8375663062499997,0.0136135390969067,0,0,000022,000022
1723808356804,2,2,0.8002796499999999,0.2436764851975249,1,1,000022,000022
1723808356804,2,1,3.0429325,0.8612141,0,0,000022,000022
1723808357004,2,2,0.81095025,0.113924634802475,1,1,000022,010022
1723808357004,2,1,2.96848,0.7349503,0,0,000022,010022
1723808357004,3,2,9.2988685,0.2637218799999999,1,1,000022,010022
1723808357004,3,16,0.8882378337499998,0.1671089644722408,0,0,000022,010022
1723808357106,3,2,9.29886875,0.336983335,1,1,010022,010022
1723808357106,3,16,0.8960885274999998,0.1643761643183915,0,0,010022,010022
1723808357305,2,1,2.8027601,0.5441941,0,0,010022,010022
1723808357305,2,2,0.6184514499999999,0.6819926498024751,1,1,010022,010022
1723808357506,3,2,9.513447500000002,0.53577009,1,1,010022,010022
1723808357506,3,14,1.0104124828571426,0.0596219021596309,0,0,010022,010022
1723808357607,3,2,9.571933,0.57516793,1,1,010022,010022
1723808357607,3,14,0.995993654285714,0.006194106947195,0,0,010022,010022
1723808357607,2,2,0.82451325,0.4942428501975249,1,1,010022,010022
1723808357607,2,1,2.7603102,0.37607688,0,0,010022,010022
1723808357974,2,1,1.8493034,2.589511,0,0,010022,010022
1723808357974,3,2,9.586952,0.0858034749999999,1,1,010022,010022
1723808357974,2,2,0.7418045,0.107422259802475,1,1,010022,010022
1723808357974,3,13,1.0819434746153842,0.0263198870080776,0,0,010022,010022
1723808358106,2,2,0.93538833,1.996391176,0,0,010022,010022
1723808358106,2,2,0.6439701499999999,0.326000349802475,1,1,010022,010022
1723808358303,3,12,1.642548583333334,0.2435087335233677,0,0,010022,010022
1723808358303,3,2,9.630219,0.28818709,1,1,010022,010022
1723808358303,2,2,0.6750467,0.131704209802475,1,1,010022,010022
1723808358303,2,2,0.9301211,0.89428456,0,0,010022,010022
1723808358501,2,2,0.59758616,1.161447275,0,0,010022,010022
1723808358501,2,2,0.5896094,0.243974774802475,1,1,010022,010022
1723808358501,3,2,9.620892,0.2088989399999999,1,1,010022,010022
1723808358501,3,12,1.6431909175000003,0.1907026436410968,0,0,010022,010022
1723808358593,3,2,9.615424,0.09459954,1,1,010022,010022
1723808358593,3,12,1.6201626841666672,0.0478842075279935,0,0,010022,010022
1723808358593,2,2,0.55660345,0.262141349802475,1,1,010022,010022
1723808358593,2,2,0.80429353,0.2496913999999999,0,0,010022,010022
1723808359000,2,2,0.30949903,0.442259799802475,1,1,010022,010022
1723808359000,2,2,0.64101246,0.606205315,0,0,010022,010022
1723808359000,3,2,9.64667,0.285146925,1,1,010022,010022
1723808359000,3,12,1.6479178950000009,0.0311449734522791,0,0,010022,010022
1723808359094,3,2,9.6415585,0.164239115,1,1,010022,010022
1723808359094,3,12,1.6855464283333343,0.1270141225111448,0,0,010022,010022
1723808359094,2,2,0.38062427,0.056853621802475,1,1,010022,010022
1723808359094,2,2,0.70850939,0.29195092,0,0,010022,010022
1723808359306,2,2,0.10661993,0.8140551498024751,1,1,010022,010022
1723808359306,2,2,0.34846427,1.23296625,0,0,010022,010022
1723808359614,2,2,0.1422765,0.150491799802475,1,1,010022,010022
1723808359614,2,2,0.6931026,0.60644165,0,0,010022,010022
1723808359614,3,3,9.37321,0.0136554499999999,1,1,010022,010022
1723808359614,3,12,1.6912847891666674,0.0907273991724276,0,0,010022,010022
1723808359801,2,2,0.1422765,0.006194323302475,1,1,010022,010022
1723808359801,2,2,0.52410545,0.435809215,0,0,010022,010022
1723808359801,3,3,9.418750333333334,0.1649140403333333,1,1,010022,010022
1723808359801,3,13,1.8083645207692316,0.2233737210034206,0,0,010022,010022
1723808359906,3,14,1.8403109000000009,0.2639397931379192,0,0,010022,010022
1723808359906,3,3,9.436120333333331,0.2316675466666667,1,1,010022,010022
1723808360006,2,2,0.405538285,0.4252888125,0,0,010022,020022
1723808360006,2,2,0.1422765,0.0163982201975249,1,1,010022,020022
1723808360006,3,3,9.389835666666668,0.0115794233333333,1,1,010022,020022
1723808360006,3,14,1.8590239878571435,0.1312916281807763,0,0,010022,020022
1723808360189,3,3,9.438198333333332,0.1022112866666666,1,1,020022,020022
1723808360189,3,14,1.921389616428572,0.2447074854549379,0,0,020022,020022
1723808360189,2,2,0.1422765,0.0050491171975249,1,1,020022,020022
1723808360189,2,2,0.477888725,0.2002807185,0,0,020022,020022
1723808360502,2,2,0.023677579,0.419658719802475,1,1,020022,020022
1723808360502,2,2,0.6970528300000001,0.72480812065,0,0,020022,020022
1723808360502,3,4,9.21874275,0.335779835,1,1,020022,020022
1723808360502,3,16,1.7510496375000009,0.0653563568269293,0,0,020022,020022
1723808360596,3,16,1.7662728037500008,0.0019173734193206,0,0,020022,020022
1723808360596,3,4,9.225483,0.385391196,1,1,020022,020022
1723808360596,2,2,0.18685632,0.1017016151975249,1,1,020022,020022
1723808360596,2,2,0.6970528300000001,0.66023679426,0,0,020022,020022
1723808360790,3,4,9.25732825,0.038643342,1,1,020022,021012
1723808360790,3,16,1.7433610768750007,0.0723613869706792,0,0,020022,021012
1723808360994,2,2,0.18685632,0.0471469251975249,1,1,021012,021012
1723808360994,2,3,0.81797994,0.173706861,0,0,021012,021012
1723808361111,3,4,9.21132,0.155047205,1,1,021012,021012
1723808361111,3,16,1.7145327425000003,0.0198636045895707,0,0,021012,021012
1723808361304,3,4,9.23469175,0.0182421799999999,1,1,021012,021012
1723808361304,3,15,1.6342025360000003,0.1523668420886087,0,0,021012,021012
1723808361304,2,2,0.18685632,0.011563181802475,1,1,021012,021012
1723808361304,2,3,0.8473758,0.0318453326666666,0,0,021012,021012
1723808361608,2,2,0.001,0.3937054298024751,1,1,021012,021012
1723808361608,2,3,0.7071578000000001,0.3659813093333333,0,0,021012,021012
1723808361810,2,2,0.71035464,0.2238998755,0,0,021012,021012
1723808361810,3,15,1.7725065893333338,0.2550333152592554,0,0,021012,021012
1723808361810,3,4,9.2134385,0.0156550309999999,1,1,021012,021012
1723808361810,2,2,0.001,0.011182531302475,1,1,021012,021012
1723808361991,3,4,9.23142125,0.0683813819999999,1,1,021012,021012
1723808361991,3,15,1.7621502770000004,0.0670135950640754,0,0,021012,021012
1723808361991,2,2,0.001,0.0293154851975249,1,1,021012,021012
1723808361991,2,2,0.69780967,0.06055193825,0,0,021012,021012
1723808362306,2,2,0.001,0.0026567091975249,1,1,021012,021012
1723808362306,2,2,1.0828881,0.73614384,0,0,021012,021012
1723808362306,3,4,9.14137725,0.1892027635,1,1,021012,021012
1723808362306,3,15,1.9321554280000008,0.2520645201468621,0,0,021012,021012
1723808362507,2,2,0.116416325,0.403458651,1,1,021012,021012
1723808362507,2,2,1.093040685,0.1880890825,0,0,021012,021012
1723808362507,3,4,9.12463825,0.0017476399999999,1,1,021012,021012
1723808362507,3,14,1.6354888742857143,0.1637967561259865,0,0,021012,021012
1723808362693,2,2,0.001,0.05308657025,1,1,021012,021012
1723808362693,2,2,0.983395175,0.3581883899999999,0,0,021012,021012
1723808363005,2,2,0.001,0.109551605422,1,1,021012,021012
1723808363005,2,2,1.2244028999999998,0.49618816735,0,0,021012,021012
1723808363005,3,4,9.21600925,0.0270581275,1,1,021012,021012
1723808363005,3,13,1.1528919946153844,1.0739021326921614,0,0,021012,021012
1723808363204,3,4,9.34276875,0.30609656,1,1,021012,021112
1723808363204,3,14,1.0865116685714284,0.2855699712632654,0,0,021012,021112
1723808363204,2,2,0.001,0.006075368956,1,1,021012,021112
1723808363204,2,2,1.2939392,0.4394953743999999,0,0,021012,021112
1723808363296,2,2,1.28443695,0.27002854835,0,0,021112,021112
1723808363296,2,2,0.001,0.011682733724,1,1,021112,021112
1723808363296,3,4,9.33157275,0.24207874275,1,1,021112,021112
1723808363296,3,14,1.091252322857143,0.0279606473294752,0,0,021112,021112
1723808363514,3,4,9.423677,0.33869422675,1,1,021112,021112
1723808363514,3,14,1.0830824485714283,0.0250705081081563,0,0,021112,021112
1723808363612,3,5,9.2303513,0.16172499,1,1,021112,021112
1723808363612,3,14,1.0680897978571424,0.0151981172561293,0,0,021112,021112
1723808363612,2,2,0.001,0.0016662879705,1,1,021112,021112
1723808363612,2,1,1.1994008,0.26382107,0,0,021112,021112
1723808363794,3,14,1.086904989285714,0.0494068081545849,0,0,021112,021102
1723808363794,3,5,9.2766774,0.199366826,1,1,021112,021102
1723808363794,2,1,1.1994008,0.5244792,0,0,021112,021102
1723808363794,2,2,0.001,0.00039158769045,1,1,021112,021102
1723808363906,3,5,9.2644028,0.0354043645999999,1,1,021102,021102
1723808363906,3,14,1.057028172857143,0.0611639453411293,0,0,021102,021102
1723808363906,2,2,0.001,0.000454753993789,1,1,021102,021102
1723808363906,2,1,1.5632088,1.6361876,0,0,021102,021102
1723808364096,2,2,0.001,0.0001550894110299,1,1,021102,021102
1723808364096,2,1,1.5632089,0.7002579,0,0,021102,021102
1723808364305,2,2,0.001,2.1029870775e-05,1,1,021102,021102
1723808364305,2,1,1.5632088,0.042576,0,0,021102,021102
1723808364305,3,5,9.376222,0.1319654268,1,1,021102,021102
1723808364305,3,15,1.1112228286666663,0.0338950301347459,0,0,021102,021102
1723808364488,3,15,1.114013239333333,0.0195230921652792,0,0,021102,021102
1723808364488,2,2,0.001,1.914826314495e-05,1,1,021102,021102
1723808364488,3,5,9.3851696,0.08201841176,1,1,021102,021102
1723808364488,2,1,1.5632088,0.07086654,0,0,021102,021102
1723808364704,2,1,1.5632089,0.011345014,0,0,021102,021102
1723808364704,2,2,0.001,1.864100553e-06,1,1,021102,021102
1723808364802,3,5,9.4403316,0.23163542,1,1,021102,021202
1723808364802,3,15,1.0997576826666664,0.071739327380106,0,0,021102,021202
1723808364802,2,2,0.001,2.545090522e-07,1,1,021102,021202
1723808364802,2,1,1.5632089,0.0018220805,0,0,021102,021202
1723808365007,2,1,1.563209,0.0030342848,0,0,021202,021202
1723808365007,2,2,0.001,7.97214322565e-07,1,1,021202,021202
1723808365007,3,16,1.2462963956250002,0.1331611252730907,0,0,021202,021202
1723808365007,3,6,9.335407833333331,0.3177276333333333,1,1,021202,021202
1723808365099,3,6,9.414730333333331,0.4933712658333333,1,1,021202,021202
1723808365099,3,16,1.2317163387500003,0.1236187272073132,0,0,021202,021202
1723808365099,2,2,0.001,4.69005099175e-07,1,1,021202,021202
1723808365099,2,1,1.563209,0.0019880375,0,0,021202,021202
1723808365506,2,2,0.001,4.6807590825e-08,1,1,021202,021202
1723808365506,2,0,0.0,0.0,0,0,021202,021202
1723808365506,3,6,9.434853,0.0698203683333333,1,1,021202,021202
1723808365506,3,15,1.074083336,0.015070104339089,0,0,021202,021202
1723808365694,3,6,9.39685,0.1438373952,1,1,021202,021202
1723808365694,3,15,1.1507914133333332,0.2207140196674801,0,0,021202,021202
1723808365798,2,0,0.0,0.0,0,0,021202,021202
1723808365798,2,2,0.001,1.5425442749999996e-09,1,1,021202,021202
1723808365798,3,15,1.1485641,0.2394250996897223,0,0,021202,021202
1723808365798,3,6,9.462109583333335,0.1294592378333333,1,1,021202,021202
1723808365987,2,2,0.001,2.309197675e-09,1,1,021202,021202
1723808365987,2,0,0.0,0.0,0,0,021202,021202
1723808366114,3,6,9.433732333333332,0.033649173,1,1,021202,021202
1723808366114,3,15,1.110793175333333,0.1291006725575335,0,0,021202,021202
1723808366114,2,2,0.001,1.499745625e-09,1,1,021202,021202
1723808366114,2,0,0.0,0.0,0,0,021202,021202
1723808366294,2,2,0.001,2.7500397500000006e-10,1,1,021202,021202
1723808366294,2,0,0.0,0.0,0,0,021202,021202
1723808366294,3,6,9.440963333333332,0.0074809118333333,1,1,021202,021202
1723808366294,3,15,1.1074407919999998,0.1220962855204686,0,0,021202,021202
1723808366504,2,0,0.0,0.0,0,0,021202,021202
1723808366504,2,2,0.001,3.34588855e-10,1,1,021202,021202
1723808366504,3,6,9.484327666666664,0.1034787093333333,1,1,021202,021202
1723808366504,3,16,1.219042343125,0.1153837560616608,0,0,021202,021202
1723808366597,3,6,9.486742333333334,0.0983023,1,1,021202,021202
1723808366597,3,16,1.20329419375,0.1395491965080576,0,0,021202,021202
1723808366597,2,2,0.001,3.34588855e-10,1,1,021202,021202
1723808366597,2,0,0.0,0.0,0,0,021202,021202
1723808366995,2,2,0.001,3.34588855e-10,1,1,021202,021202
1723808366995,2,0,0.0,0.0,0,0,021202,021202
1723808367116,3,6,9.514986166666668,0.0835047766666666,1,1,021202,021202
1723808367116,3,17,1.3742801294117648,0.0249241658628092,0,0,021202,021202
1723808367299,3,17,1.3330352999999997,0.1651487147666025,0,0,021202,021202
1723808367299,2,2,0.001,3.34588855e-10,1,1,021202,021202
1723808367299,2,1,6.1477036,0.026379488,0,0,021202,021202
1723808367299,3,6,9.540297666666667,0.0245146696666666,1,1,021202,021202
1723808367402,3,18,1.4321295944444443,0.1535083608740134,0,0,021202,021202
1723808367402,3,6,9.534031416666666,0.02974948145,1,1,021202,021202
1723808367502,3,6,9.517015833333334,0.1017606096666666,1,1,021202,021202
1723808367502,3,18,1.2919836700000005,0.6243875981184581,0,0,021202,021202
1723808367502,2,2,0.001,3.34588855e-10,1,1,021202,021202
1723808367502,2,1,6.346283,0.7748027,0,0,021202,021202
1723808367593,3,6,9.522957,0.0689162266666666,1,1,021202,021202
1723808367593,3,18,1.2755215172222223,0.6348059623629024,0,0,021202,021202
1723808367593,2,2,0.001,3.34588855e-10,1,1,021202,021202
1723808367593,2,1,6.4048085,0.92679155,0,0,021202,021202
1723808367900,2,2,0.001,3.34588855e-10,1,1,021202,022202
1723808367900,2,1,6.6088657,0.8064598,0,0,021202,022202
1723808368064,2,2,0.001,3.34588855e-10,1,1,022202,022202
1723808368064,2,1,6.623952,0.48866647,0,0,022202,022202
1723808368206,2,1,6.7683544,0.705521,0,0,022202,022202
1723808368206,2,2,0.001,3.34588855e-10,1,1,022202,022202
1723808368206,3,18,1.5635234527777773,0.022151036644298,0,0,022202,022202
1723808368206,3,6,9.484060166666668,0.1700317706666666,1,1,022202,022202
1723808368303,3,6,9.491699416666668,0.0875054756666666,1,1,022202,022202
1723808368303,3,18,1.5722279199999996,0.0106097271354091,0,0,022202,022202
1723808368303,2,2,0.001,3.34588855e-10,1,1,022202,022202
1723808368303,2,1,6.794916,0.7135336,0,0,022202,022202
1723808368486,3,6,9.538070416666663,0.1719858231666666,1,1,022202,022202
1723808368486,3,19,1.6249837947368422,0.1348897903169808,0,0,022202,022202
1723808368604,2,2,0.001,3.34588855e-10,1,1,022202,022202
1723808368604,2,1,6.9597154,0.55879515,0,0,022202,022202
1723808368789,2,2,0.001,3.34588855e-10,1,1,022202,022202
1723808368789,2,1,7.0568495,0.6008096,0,0,022202,022202
1723808369010,2,0,0.0,0.0,0,0,022202,022202
1723808369010,2,2,0.001,3.34588855e-10,1,1,022202,022202
1723808369010,3,18,1.6838537111111114,0.0779311287042979,0,0,022202,022202
1723808369010,3,6,9.466145166666664,0.0334129583333333,1,1,022202,022202
1723808369103,3,6,9.453329583333334,0.0372683933333333,1,1,022202,022202
1723808369103,3,18,1.6557906722222218,0.1521579077981869,0,0,022202,022202
1723808369103,2,2,0.001,3.34588855e-10,1,1,022202,022202
1723808369103,2,0,0.0,0.0,0,0,022202,022202
1723808369306,3,6,9.4640435,0.0262691666666666,1,1,022202,022202
1723808369306,3,18,1.6794872755555552,0.0126192655129242,0,0,022202,022202
1723808369306,2,2,0.001,3.34588855e-10,1,1,022202,022202
1723808369306,2,0,0.0,0.0,0,0,022202,022202
1723808369493,2,2,0.001,3.34588855e-10,1,1,022202,022202
1723808369493,2,0,0.0,0.0,0,0,022202,022202
1723808369799,3,20,1.7419186030000002,0.6087680085065681,0,0,022202,022202
1723808369799,3,6,9.469292166666667,0.0504359857666666,1,1,022202,022202
1723808369799,2,2,0.001,3.34588855e-10,1,1,022202,022202
1723808369799,2,1,6.4644537,0.41464278,0,0,022202,022202
1723808370003,3,6,9.459344166666666,0.0233071524999999,1,1,022202,022202
1723808370003,3,20,1.7195857450000005,0.5438244430454636,0,0,022202,022202
1723808370003,2,2,0.001,3.34588855e-10,1,1,022202,022202
1723808370003,2,1,6.5501394,0.51025224,0,0,022202,022202
1723808370097,3,6,9.45214925,0.01558906305,1,1,022202,022202
1723808370097,3,20,1.7047557550000003,0.3602083280572097,0,0,022202,022202
1723808370097,2,2,0.001,3.34588855e-10,1,1,022202,022202
1723808370097,2,1,6.5700846,0.4327308,0,0,022202,022202
1723808370507,3,6,9.404937333333333,0.0517161843333333,1,1,022202,022202
1723808370507,2,2,0.001,3.34588855e-10,1,1,022202,022202
1723808370507,2,1,6.8245454,0.4742489,0,0,022202,022202
1723808370507,3,21,1.6392367100000005,0.1245247518427472,0,0,022202,022202
1723808370590,2,1,6.852964,0.37133896,0,0,022202,022202
1723808370590,2,2,0.001,3.34588855e-10,1,1,022202,022202
1723808370809,3,6,9.386933166666669,0.0697165576666666,1,1,022202,022202
1723808370809,3,22,1.7081873509090912,0.0187016144382584,0,0,022202,022202
1723808370809,2,2,0.001,3.34588855e-10,1,1,022202,022202
1723808370809,2,1,6.9824014,0.44759214,0,0,022202,022202
1723808370992,3,6,9.365886833333333,0.1224818273566666,1,1,022202,022202
1723808370992,3,22,1.7368176572727274,0.0911785035649468,0,0,022202,022202
1723808370992,2,2,0.001,3.34588855e-10,1,1,022202,022202
1723808370992,2,1,6.966895,0.1310907,0,0,022202,022202
1723808371088,3,6,9.377793833333332,0.025645605,1,1,022202,022202
1723808371088,3,22,1.708952411818182,0.0054907931617284,0,0,022202,022202
1723808371304,2,1,7.3328156,0.010596986,0,0,022202,022202
1723808371304,2,2,0.001,3.34588855e-10,1,1,022202,022202
1723808371496,3,22,1.6226946663636368,0.5277112832701873,0,0,022202,022202
1723808371496,3,6,9.3246755,0.1268528935,1,1,022202,022202
1723808371496,2,1,7.2674584,0.23893605,0,0,022202,022202
1723808371496,2,2,0.001,3.34588855e-10,1,1,022202,022202
1723808371600,3,6,9.307732166666666,0.1610824566666666,1,1,022202,022202
1723808371600,3,22,1.6499442181818187,0.2615237404535078,0,0,022202,022202
1723808371800,2,2,0.001,3.34588855e-10,1,1,022202,022202
1723808371800,2,1,7.1062436,0.55569965,0,0,022202,022202
1723808372113,3,6,9.238637833333334,0.1783567085,1,1,022202,022202
1723808372113,3,22,1.582073740909091,0.1004557265879058,0,0,022202,022202
1723808372113,2,3,0.4520954333333333,0.2125215335563925,1,1,022202,022202
1723808372113,2,1,7.026303,0.34383017,0,0,022202,022202
1723808372301,3,6,9.202174833333334,0.1900236163333333,1,1,022202,022202
1723808372301,3,22,1.5533342318181822,0.1553377229355785,0,0,022202,022202
1723808372301,2,3,0.4834407333333333,0.2326728502230592,1,1,022202,022202
1723808372301,2,1,7.0084605,0.29656875,0,0,022202,022202
1723808372396,3,22,1.5680129363636366,0.0830422240107694,0,0,022202,022202
1723808372396,3,6,9.201049,0.1374894058333333,1,1,022202,022202
1723808372608,2,3,0.5732794,0.2756389768897259,1,1,022202,022202
1723808372608,2,1,6.710525,0.8146452,0,0,022202,022202
1723808372791,2,3,0.6225112,0.2924252668897259,1,1,022202,022202
1723808372791,2,1,6.632458,0.68368834,0,0,022202,022202
1723808373012,3,7,8.424155214285715,0.0102896054857142,1,1,022202,022202
1723808373012,3,22,1.4895448195454548,0.1344309769517908,0,0,022202,022202
1723808373012,2,3,0.6788753333333332,0.2603961002230592,1,1,022202,022202
1723808373012,2,0,0.0,0.0,0,0,022202,022202
1723808373101,3,7,8.427962714285716,0.01899865594,1,1,022202,022202
1723808373101,3,20,1.5976775040000004,0.1561145376851448,0,0,022202,022202
1723808373101,2,3,0.6961451,0.2532275535563925,1,1,022202,022202
1723808373101,2,0,0.0,0.0,0,0,022202,022202
1723808373291,2,0,0.0,0.0,0,0,022202,022202
1723808373291,2,3,0.7306119333333333,0.2275825535563925,1,1,022202,022202
1723808373291,3,21,1.7416819995238098,0.0294909049871722,0,0,022202,022202
1723808373291,3,7,8.339020642857143,0.31886282721,1,1,022202,022202
1723808373512,2,3,0.7883547666666666,0.2164681335563925,1,1,022202,022202
1723808373512,2,0,0.0,0.0,0,0,022202,022202
1723808373608,2,3,0.8227093,0.2699544235563926,1,1,022202,022202
1723808373608,2,0,0.0,0.0,0,0,022202,022202
1723808373608,3,7,8.216253514285713,0.2530939985285713,1,1,022202,022202
1723808373608,3,21,1.6658187790476195,0.2597554372665323,0,0,022202,022202
1723808373802,3,7,8.271524128571428,0.1483161757142857,1,1,022202,022202
1723808373802,3,21,1.6775639952380952,0.038877176094662,0,0,022202,022202
1723808373994,3,7,8.200511857142857,0.1809549619714285,1,1,022202,022202
1723808373994,3,21,1.6700879328571427,0.007404016668623,0,0,022202,022202
1723808373994,2,3,0.920403,0.2467923002230592,1,1,022202,022202
1723808373994,2,1,5.7470584,0.25435087,0,0,022202,022202
1723808374105,3,21,1.6678978090476195,0.0118413062711421,0,0,022202,022202
1723808374105,3,6,7.8226783,0.4513225540166667,1,1,022202,022202
1723808374105,2,3,0.9284655666666666,0.2002032002230592,1,1,022202,022202
1723808374105,2,1,5.6998553,0.41813818,0,0,022202,022202
1723808374299,3,6,7.677103783333333,0.6975571741,1,1,022202,022202
1723808374299,3,21,1.6600526757142862,0.0728602931216898,0,0,022202,022202
1723808374400,3,6,7.687684633333333,0.5576876391666666,1,1,022202,022202
1723808374400,3,21,1.635650135714286,0.1529797605914741,0,0,022202,022202
1723808374400,2,3,1.025003,0.2675356668897259,1,1,022202,022202
1723808374400,2,1,5.5233526,0.5756826,0,0,022202,022202
1723808374492,2,1,5.4865003,0.5571413,0,0,022202,022202
1723808374492,3,6,7.6834598,0.3498567356,1,1,022202,022202
1723808374492,3,20,1.7185763995000003,0.1341639710371123,0,0,022202,022202
1723808374492,2,3,1.0416672666666666,0.2424981802230592,1,1,022202,022202
1723808374588,2,1,5.4397693,0.5536729,0,0,022202,022202
1723808374588,2,3,1.0608650666666666,0.2303239002230592,1,1,022202,022202
1723808374808,3,6,7.626960083333333,0.0498602251599999,1,1,022202,022202
1723808374808,3,19,1.7164569,0.2463786855394789,0,0,022202,022202
1723808374808,2,3,1.1270357333333332,0.2659049835563926,1,1,022202,022202
1723808374808,2,0,0.0,0.0,0,0,022202,022202
1723808374903,3,6,7.622819583333334,0.0038888179,1,1,022202,022202
1723808374903,3,19,1.7137284368421055,0.1160621567182249,0,0,022202,022202
1723808374903,2,3,1.1469807333333333,0.2677686202230592,1,1,022202,022202
1723808374903,2,0,0.0,0.0,0,0,022202,022202
1723808374992,2,3,1.164149,0.2524134535563925,1,1,022202,022202
1723808374992,2,0,0.0,0.0,0,0,022202,022202
1723808374992,3,6,7.578898566666666,0.1476954935,1,1,022202,022202
1723808374992,3,19,1.7376634052631577,0.0611127052027753,0,0,022202,022202
1723808375309,3,19,1.699163063157895,0.0243843611864227,0,0,022202,022202
1723808375309,3,6,7.480448866666666,0.1137784893333333,1,1,022202,022202
1723808375309,2,1,5.673549,0.019284919,0,0,022202,022202
1723808375309,2,3,1.2281799,0.1877927768897259,1,1,022202,022202
1723808375490,2,3,1.2593600333333332,0.1931594002230592,1,1,022202,022202
1723808375490,2,1,5.604106,0.3294785,0,0,022202,022202
1723808375490,3,6,7.373279799999999,0.3427641636833333,1,1,022202,022202
1723808375490,3,19,1.6765637368421056,0.0600660219377991,0,0,022202,022202
1723808375807,2,3,1.4595384533333335,0.5893420500206253,1,1,022202,022202
1723808375807,2,1,5.567071,0.08016308,0,0,022202,022202
1723808375807,3,6,7.3861815,0.0491323898833333,1,1,022202,022202
1723808375807,3,19,1.6603676947368424,0.0518841233448621,0,0,022202,022202
1723808375996,3,6,7.425316283333333,0.1045308874733333,1,1,022202,022202
1723808375996,3,19,1.4583631894736842,0.745532336671178,0,0,022202,022202
1723808376103,2,1,5.514844,0.13019226,0,0,022202,022202
1723808376103,2,3,1.340486,0.154394823312708,1,1,022202,022202
1723808376103,3,6,7.448734066666666,0.2014800569999999,1,1,022202,022202
1723808376103,3,19,1.4445720684210523,0.7767430135169675,0,0,022202,022202
1723808376306,2,3,1.4355109333333331,0.393088516687292,1,1,022202,022202
1723808376306,2,1,5.4188867,0.40725,0,0,022202,022202
1723808376500,3,6,7.400771549999999,0.0718918585666666,1,1,022202,022202
1723808376500,3,19,1.4491605315789473,0.0630608874725062,0,0,022202,022202
1723808376602,3,6,7.351191216666667,0.2104790759,1,1,022202,022202
1723808376602,3,19,1.4206768157894738,0.0225360325439674,0,0,022202,022202
1723808376602,2,3,1.4677957133333337,0.3586793100206253,1,1,022202,022202
1723808376602,2,1,5.0538177,1.1984102,0,0,022202,022202
1723808376803,2,4,2.12070181,0.140429142515469,1,1,022202,022202
1723808376803,2,1,5.0863614,0.4177067,0,0,022202,022202
1723808377013,3,19,1.3572351157894735,0.1456993641609937,0,0,022202,022202
1723808377013,3,5,7.99037754,0.00472027642,1,1,022202,022202
1723808377201,3,5,7.99248014,0.01436493261,1,1,022202,022202
1723808377201,3,18,1.126481133333333,0.1031233542547711,0,0,022202,022202
1723808377201,2,4,2.13134025,0.014018063765469,1,1,022202,022202
1723808377201,2,1,4.9327536,0.16771846,0,0,022202,022202
1723808377288,3,5,7.99248034,0.0005721422999999,1,1,022202,022202
1723808377288,3,18,1.125262633333333,0.0277232329600545,0,0,022202,022202
1723808377508,3,4,7.55186035,0.27400425775,1,1,022202,022202
1723808377508,3,18,1.084123611111111,0.1132815559190089,0,0,022202,022202
1723808377508,2,4,2.1689841925,0.141340169015469,1,1,022202,022202
1723808377508,2,0,0.0,0.0,0,0,022202,022202
1723808377600,2,0,0.0,0.0,0,0,022202,022202
1723808377600,3,18,1.078724811111111,0.1038698103756934,0,0,022202,022202
1723808377600,2,4,2.1948735425,0.217588452515469,1,1,022202,022202
1723808377600,3,4,7.54320225,0.21999217,1,1,022202,022202
1723808377790,3,20,1.5820080234999998,0.0194711449289465,0,0,022202,022202
1723808377790,3,4,7.5343785,0.088078664,1,1,022202,022202
1723808378191,2,5,1.923660164,0.0737869249876247,1,1,022202,022202
1723808378191,2,0,0.0,0.0,0,0,022202,022202
1723808378191,3,4,7.5664416,0.2006952812499999,1,1,022202,022202
1723808378191,3,19,1.6431653631578944,0.0080678718042467,0,0,022202,022202
1723808378500,2,5,1.943878764,0.0424008994123752,1,1,022202,022202
1723808378500,2,0,0.0,0.0,0,0,022202,022202
1723808378500,3,4,7.533273575,0.0470669017499999,1,1,022202,022202
1723808378500,3,17,1.7783495911764704,0.1571566934692387,0,0,022202,022202
1723808378682,3,4,7.556917450000001,0.0547985815,1,1,022202,022202
1723808378682,3,17,1.7125183470588237,0.3083569325698921,0,0,022202,022202
1723808378810,2,5,1.97264941,0.0648260538123752,1,1,022202,022202
1723808378810,2,0,0.0,0.0,0,0,022202,022202
1723808378994,3,16,1.788158325,0.1509363680068843,0,0,022202,022202
1723808378994,3,4,7.594571575,0.1073613924,1,1,022202,022202
1723808378994,2,0,0.0,0.0,0,0,022202,022202
1723808378994,2,5,1.93916937,0.0233552359876247,1,1,022202,022202
1723808379092,3,4,7.53462925,0.1571987624999999,1,1,022202,022202
1723808379092,3,16,1.81085811875,0.0033592094143655,0,0,022202,022202
1723808379300,2,5,1.942289994,0.0728369949876247,1,1,022202,022202
1723808379300,2,0,0.0,0.0,0,0,022202,022202
1723808379494,3,4,7.5947125,0.08564666655,1,1,022202,022202
1723808379494,3,17,1.9401386970588237,0.1141422736734088,0,0,022202,022202
1723808379601,3,4,7.6189175,0.1325853485,1,1,022202,022202
1723808379601,3,17,1.9360840411764708,0.0703243550923617,0,0,022202,022202
1723808379601,2,5,1.946669,0.1575107899876248,1,1,022202,022202
1723808379601,2,0,0.0,0.0,0,0,022202,022202
1723808379802,3,17,1.9445235452941176,0.0361736042017558,0,0,022202,022202
1723808379802,3,4,7.5946715,0.0577308473499999,1,1,022202,022202
1723808379802,2,5,1.982197874,0.0992382392123752,1,1,022202,022202
1723808379802,2,1,5.0541553,0.020704594,0,0,022202,022202
1723808380003,3,4,7.58046875,0.0920027817325,1,1,022202,022202
1723808380003,3,17,1.9274743764705884,0.0290428609650088,0,0,022202,022202
1723808380003,2,5,2.00806866,0.1341056756123752,1,1,022202,022202
1723808380003,2,1,5.116961,0.21567924,0,0,022202,022202
1723808380103,2,5,1.90146492,0.3100040787876247,1,1,022202,022202
1723808380103,2,1,5.184332,0.3921671,0,0,022202,022202
1723808380310,2,5,1.90737138,0.1722204231876248,1,1,022202,022202
1723808380310,2,0,0.0,0.0,0,0,022202,022202
1723808380310,3,4,7.58046875,0.0068955832,1,1,022202,022202
1723808380310,3,17,1.9243886658823528,0.0116890371435382,0,0,022202,022202
1723808380500,2,5,1.96424018,0.1818298070123752,1,1,022202,022202
1723808380500,2,0,0.0,0.0,0,0,022202,022202
1723808380500,3,4,7.69098675,0.4069026751624999,1,1,022202,022202
1723808380500,3,17,1.904224947058824,0.0683625285523617,0,0,022202,022202
1723808380812,2,5,1.91172436,0.1441224023876247,1,1,022202,022202
1723808380812,2,0,0.0,0.0,0,0,022202,022202
1723808380812,3,4,7.798523824999999,0.377896795245,1,1,022202,022202
1723808380812,3,16,1.880180754375,0.1617826712346968,0,0,022202,022202
1723808380996,2,5,2.0148098,0.2831712448123752,1,1,022202,022202
1723808380996,2,0,0.0,0.0,0,0,022202,022202
1723808380996,3,3,7.351037766666667,0.2119248583333333,1,1,022202,022202
1723808380996,3,16,1.88319641125,0.0287791968127531,0,0,022202,022202
1723808381094,3,3,7.351037766666667,0.2253102765333333,1,1,022202,022202
1723808381094,3,16,1.87470777125,0.0618018741990056,0,0,022202,022202
1723808381300,2,0,0.0,0.0,0,0,022202,022202
1723808381300,2,5,1.9048394600000005,0.1769915437276247,1,1,022202,022202
1723808381504,3,15,1.9196811733333332,0.1458260385034655,0,0,022202,022202
1723808381504,3,3,7.3561798,0.1308171823333333,1,1,022202,022202
1723808381604,3,3,7.3561798,0.1750356573333333,1,1,022202,022202
1723808381604,3,16,1.78386273375,0.1389898225079342,0,0,022202,022202
1723808381604,2,5,1.88745426,0.0688143519036247,1,1,022202,022202
1723808381604,2,1,7.768944,0.0,0,0,022202,022202
1723808381793,2,5,1.83390378,0.2175510281836247,1,1,022202,022202
1723808381793,2,2,7.743119500000001,0.2607345809999999,0,0,022202,022202
1723808382006,3,3,7.296343733333334,0.0941759176666666,1,1,022202,022202
1723808382006,3,17,1.731885035294118,0.0283269247506757,0,0,022202,022202
1723808382006,2,5,1.8271577,0.0649222894410247,1,1,022202,022202
1723808382006,2,2,7.73362335,0.0501606212,0,0,022202,022202
1723808382191,2,5,1.80562631,0.0715062144065047,1,1,022202,022202
1723808382191,2,2,7.700120849999999,0.140553431,0,0,022202,022202
1723808382504,3,17,1.6719737511764707,0.2101315701770879,0,0,022202,022202
1723808382504,3,2,6.544071000000001,0.186740622,1,1,022202,022202
1723808382504,2,5,1.78468354,0.0740161941695647,1,1,022202,022202
1723808382504,2,2,7.7852528,0.27920268,0,0,022202,022202
1723808382597,2,5,1.7752713800000002,0.0658593436373447,1,1,022202,022202
1723808382597,2,2,7.8157265,0.35265115,0,0,022202,022202
1723808382597,3,2,6.4731155000000005,0.0633252,1,1,022202,022202
1723808382597,3,17,1.700211215882353,0.1025813264951873,0,0,022202,022202
1723808382800,2,1,7.538684,0.106444806,0,0,022202,022202
1723808382800,3,2,6.418315150000001,0.3135212645,1,1,022202,022202
1723808382800,3,17,1.6723273470588234,0.1014097310579917,0,0,022202,022202
1723808382800,2,5,1.747867194,0.0905872448585107,1,1,022202,022202
1723808383000,3,2,6.41831565,0.086088507,1,1,022202,022202
1723808383000,3,17,1.6726697470588234,0.010468226835178,0,0,022202,022202
1723808383000,2,5,1.741679694,0.0397464624819027,1,1,022202,022202
1723808383000,2,1,7.713485,0.62950885,0,0,022202,022202
1723808383113,3,2,6.41831565,0.0233418884999999,1,1,022202,022202
1723808383113,3,17,1.6615979847058824,0.0210556310092721,0,0,022202,022202
1723808383113,2,4,1.943940775,0.0160687704365954,1,1,022202,022202
1723808383113,2,1,7.713485,0.5146421,0,0,022202,022202
1723808383294,2,4,1.942781425,0.0036965763885357,1,1,022202,022202
1723808383294,2,1,7.713485,0.1342961,0,0,022202,022202
1723808383294,3,2,6.41831565,0.01403189945,1,1,022202,022202
1723808383294,3,17,2.2602928547058827,0.0549813609746696,0,0,022202,022202
1723808383512,2,4,1.91308835,0.0906666387394358,1,1,022202,022202
1723808383512,2,1,7.713485,0.031339657,0,0,022202,022202
1723808383512,3,2,6.41831565,0.00438356075,1,1,022202,022202
1723808383512,3,18,2.297434023888889,0.3432639271604828,0,0,022202,022202
1723808383604,3,18,2.194085515,0.0931182185561838,0,0,022202,022202
1723808383604,3,2,6.41831565,0.0014079127,1,1,022202,022202
1723808383604,2,4,1.91308835,0.0552688310026585,1,1,022202,022202
1723808383604,2,1,7.713485,0.029036267,0,0,022202,022202
1723808383798,3,2,6.41831565,0.0006498139299999,1,1,022202,022202
1723808383798,3,18,2.212257483333333,0.1148725085602949,0,0,022202,022202
1723808383798,2,3,1.2187989333333331,0.092648793671528,1,1,022202,022202
1723808383798,2,1,7.713485,0.0046676574,0,0,022202,022202
1723808383984,2,3,1.1912508333333334,0.0545565297978966,1,1,022202,022202
1723808383984,2,1,7.7134843,0.0010649547,0,0,022202,022202
1723808384115,3,2,6.3752602000000005,0.0907303749999999,1,1,022202,022202
1723808384115,3,18,2.066034258888889,0.1599250966506283,0,0,022202,022202
1723808384115,2,3,1.1862427,0.0977875397978966,1,1,022202,022202
1723808384115,2,1,7.713485,0.001227702,0,0,022202,022202
1723808384294,3,18,2.026532986111111,0.1144795165895171,0,0,022202,022202
1723808384294,3,2,6.325861,0.1278132635,1,1,022202,022202
1723808384294,2,1,7.713485,0.00039656222,0,0,022202,022202
1723808384294,2,3,1.1896401,0.0245390977978966,1,1,022202,022202
1723808384500,3,2,6.32586085,0.1279199325,1,1,022202,022202
1723808384500,3,19,2.03285048,0.0059120149427004,0,0,022202,022202
1723808384500,2,4,1.76148505,0.0203589473484224,1,1,022202,022202
1723808384500,2,0,0.0,0.0,0,0,022202,022202
1723808384600,2,4,1.76148505,0.0158089948484224,1,1,022202,022202
1723808384600,2,0,0.0,0.0,0,0,022202,022202
1723808384806,3,2,6.32586135,0.0057144723,1,1,022202,022202
1723808384806,3,19,1.8665298615789476,0.4176626873690162,0,0,022202,022202
1723808384993,3,2,6.32586135,0.00602058465,1,1,022202,022202
1723808384993,3,19,1.8741736563157891,0.20085814525849,0,0,022202,022202
1723808384993,2,4,1.7587673500000005,0.0027181151609375,1,1,022202,022202
1723808384993,2,0,0.0,0.0,0,0,022202,022202
1723808385088,2,0,0.0,0.0,0,0,022202,022202
1723808385088,2,4,1.7587674,0.0028206538543997,1,1,022202,022202
1723808385311,2,4,1.75018325,0.0325693091456002,1,1,022202,022202
1723808385311,2,1,7.012409,0.04177588,0,0,022202,022202
1723808385311,3,2,6.32586135,0.0002121799025,1,1,022202,022202
1723808385311,3,19,1.841451896315789,0.1639037963216478,0,0,022202,022202
1723808385407,3,2,6.32586135,0.000366005965,1,1,022202,022202
1723808385407,3,19,1.8566578268421048,0.1088325203826478,0,0,022202,022202
1723808385407,2,4,1.7559445500000002,0.0064024798956002,1,1,022202,022202
1723808385407,2,1,7.0565014,0.18746878,0,0,022202,022202
1723808385591,2,4,1.678456675,0.2786373376615474,1,1,022202,022202
1723808385591,2,1,7.099679,0.29408944,0,0,022202,022202
1723808385591,3,1,4.0769277,0.0004848844,1,1,022202,022202
1723808385591,3,19,1.8876199078947364,0.0979277052213679,0,0,022202,022202
1723808385797,2,1,7.0932536,0.065404646,0,0,022202,022202
1723808385797,2,4,1.7087883,0.0119539707398164,1,1,022202,022202
1723808385797,3,0,0.0,0.0,1,1,022202,022202
1723808385797,3,19,1.8075063289473683,0.2289560854634373,0,0,022202,022202
1723808385998,2,4,1.7087883,0.0190615617601835,1,1,022202,022202
1723808385998,2,1,7.168419,0.25928846,0,0,022202,022202
1723808385998,3,0,0.0,0.0,1,1,022202,022202
1723808385998,3,19,1.8276736394736843,0.0082106220904636,0,0,022202,022202
1723808386111,3,0,0.0,0.0,1,1,022202,022202
1723808386111,3,19,1.8169165068421047,0.0052034172087015,0,0,022202,022202
1723808386111,2,4,2.698381875,0.0702093960984224,1,1,022202,022202
1723808386111,2,1,7.2216587,0.40015635,0,0,022202,022202
1723808386291,2,1,7.2216587,0.21407571,0,0,022202,022202
1723808386291,2,4,2.652609625,0.2290507552734224,1,1,022202,022202
1723808386291,3,19,1.8079861478947368,0.0371254499895699,0,0,022202,022202
1723808386291,3,0,0.0,0.0,1,1,022202,022202
1723808386510,2,4,2.56733415,0.3853842152734225,1,1,022202,022202
1723808386510,2,1,7.1938033,0.09827872,0,0,022202,022202
1723808386606,2,4,2.52055275,0.5344273727984225,1,1,022202,022202
1723808386606,2,1,7.193803,0.12526256,0,0,022202,022202
1723808386606,3,0,0.0,0.0,1,1,022202,022202
1723808386606,3,19,1.804448321052632,0.0078682166562644,0,0,022202,022202
1723808386798,3,0,0.0,0.0,1,1,022202,022202
1723808386798,3,19,1.848923331052632,0.1908872582968801,0,0,022202,022202
1723808386994,2,4,2.38979595,0.3321488219209225,1,1,022202,022202
1723808386994,2,1,7.1671352,0.05929099,0,0,022202,022202
1723808386994,3,0,0.0,0.0,1,1,022202,022202
1723808386994,3,18,1.865764541111111,0.075943098873323,0,0,022202,022202
1723808387088,2,1,7.167135,0.02438509,0,0,022202,022202
1723808387088,2,4,2.358088375,0.3752762789584224,1,1,022202,022202
1723808387306,2,4,2.267331375,0.4051794278311725,1,1,022202,022202
1723808387306,2,1,7.1671352,0.0072328523,0,0,022202,022202
1723808387306,3,0,0.0,0.0,1,1,022202,022202
1723808387306,3,18,1.846829784444444,0.0440505605485685,0,0,022202,022202
1723808387493,3,0,0.0,0.0,1,1,022202,022202
1723808387493,3,18,1.8442789544444445,0.0392638732482641,0,0,022202,022202
1723808387600,3,0,0.0,0.0,1,1,022202,022202
1723808387600,3,18,1.8599213633333331,0.0598551813424303,0,0,022202,022202
1723808387600,2,5,1.89348166,0.215977028247558,1,1,022202,022202
1723808387600,2,1,7.1671357,0.0007418265,0,0,022202,022202
1723808387800,3,18,1.849228285,0.0005194744709451,0,0,022202,022202
1723808387800,3,0,0.0,0.0,1,1,022202,022202
1723808387800,2,5,1.8497828,0.2293849838787379,1,1,022202,022202
1723808387800,2,1,7.1671357,0.00028628935,0,0,022202,022202
1723808388002,3,0,0.0,0.0,1,1,022202,022202
1723808388002,3,18,1.8407586250000003,0.0375520580506843,0,0,022202,022202
1723808388002,2,5,1.772662168,0.3037272238787379,1,1,022202,022202
1723808388002,2,1,7.2258267,0.2308652,0,0,022202,022202
1723808388107,2,5,1.75551154,0.303879261478738,1,1,022202,022202
1723808388107,2,1,7.2258267,0.17841753,0,0,022202,022202
1723808388405,3,18,1.83699427,0.044310471896635,0,0,022202,022202
1723808388405,2,5,1.72817318,0.0244256010787379,1,1,022202,022202
1723808388405,2,1,7.1895103,0.14715697,0,0,022202,022202
1723808388405,3,0,0.0,0.0,1,1,022202,022202
1723808388496,3,0,0.0,0.0,1,1,022202,022202
1723808388496,3,18,1.813558395555556,0.1060602497062112,0,0,022202,022202
1723808388496,2,5,1.7432035,0.082174321201262,1,1,022202,022202
1723808388496,2,1,7.1895103,0.12004273,0,0,022202,022202
1723808388594,3,0,0.0,0.0,1,1,022202,022202
1723808388594,3,18,1.8186924694444444,0.0813345070157668,0,0,022202,022202
1723808388796,2,5,1.7595784199999998,0.083388949547262,1,1,022202,022202
1723808388796,2,1,7.2374325,0.1689337,0,0,022202,022202
1723808389007,3,0,0.0,0.0,1,1,022202,022202
1723808389007,3,18,2.2697968266666666,0.0385726609236284,0,0,022202,022202
1723808389007,2,5,1.7086798799999996,0.173893579358738,1,1,022202,022202
1723808389007,2,1,7.2374334,0.09588675,0,0,022202,022202
1723808389099,3,0,0.0,0.0,1,1,022202,022202
1723808389099,3,18,2.261668148888889,0.049947057630184,0,0,022202,022202
1723808389099,2,5,1.738896594,0.0387825666007379,1,1,022202,022202
1723808389099,2,1,7.237434,0.04580869,0,0,022202,022202
1723808389312,2,1,7.237434,0.00855264,0,0,022202,022202
1723808389312,2,4,1.3286964175,0.0487796451765775,1,1,022202,022202
1723808389499,2,4,1.3286964175,0.0182621098015775,1,1,022202,022202
1723808389499,2,1,7.237434,0.006280721,0,0,022202,022202
1723808389499,3,0,0.0,0.0,1,1,022202,022202
1723808389499,3,17,1.8931575988235292,0.2099064038232889,0,0,022202,022202
1723808389596,3,0,0.0,0.0,1,1,022202,022202
1723808389596,3,18,1.962703348888889,0.0859459396680951,0,0,022202,022202
1723808389801,2,4,1.357103775,0.0842074278290775,1,1,022202,022202
1723808389801,2,1,7.237434,0.0002166098,0,0,022202,022202
1723808390004,3,0,0.0,0.0,1,1,022202,022202
1723808390004,3,18,1.9037999894444448,0.1216889615846057,0,0,022202,022202
1723808390004,2,3,0.3583769,0.0095676035354367,1,1,022202,022202
1723808390004,2,0,0.0,0.0,0,0,022202,022202
1723808390098,2,3,0.3583769,0.0024030727978966,1,1,022202,022202
1723808390098,2,0,0.0,0.0,0,0,022202,022202
1723808390098,3,0,0.0,0.0,1,1,022202,022202
1723808390098,3,18,1.929280428888889,0.0321076518595779,0,0,022202,022202
1723808390498,2,0,0.0,0.0,0,0,022202,022202
1723808390498,3,0,0.0,0.0,1,1,022202,022202
1723808390498,2,3,0.3985643333333333,0.21999176686877,1,1,022202,022202
1723808390498,3,16,2.11448835875,0.027217216028582,0,0,022202,022202
